well,name,seq,col,row,idx
A02,sciv3-lig-A02,CAGTGAGctgtatacaaTACACTCTTTCCCTACACGACGCTCTTCCGATCTttgtatacag,2,A,CTGTATACAA
A04,sciv3-lig-A04,CAGTGAGgtacacgtggTACACTCTTTCCCTACACGACGCTCTTCCGATCTccacgtgtac,4,A,GTACACGTGG
A06,sciv3-lig-A06,CAGTGAGgtaggtctcaTACACTCTTTCCCTACACGACGCTCTTCCGATCTtgagacctac,6,A,GTAGGTCTCA
A08,sciv3-lig-A08,CAGTGAGttatgttacgTACACTCTTTCCCTACACGACGCTCTTCCGATCTcgtaacataa,8,A,TTATGTTACG
A10,sciv3-lig-A10,CAGTGAGctcgtctataTACACTCTTTCCCTACACGACGCTCTTCCGATCTtatagacgag,10,A,CTCGTCTATA
A12,sciv3-lig-A12,CAGTGAGatactcgaagTACACTCTTTCCCTACACGACGCTCTTCCGATCTcttcgagtat,12,A,ATACTCGAAG
B02,sciv3-lig-B02,CAGTGAGcttaggcttcTACACTCTTTCCCTACACGACGCTCTTCCGATCTgaagcctaag,2,B,CTTAGGCTTC
B04,sciv3-lig-B04,CAGTGAGaatgcttgctTACACTCTTTCCCTACACGACGCTCTTCCGATCTagcaagcatt,4,B,AATGCTTGCT
B06,sciv3-lig-B06,CAGTGAGccgaattacaTACACTCTTTCCCTACACGACGCTCTTCCGATCTtgtaattcgg,6,B,CCGAATTACA
B08,sciv3-lig-B08,CAGTGAGgcctgttactTACACTCTTTCCCTACACGACGCTCTTCCGATCTagtaacaggc,8,B,GCCTGTTACT
B10,sciv3-lig-B10,CAGTGAGtggcacaagcTACACTCTTTCCCTACACGACGCTCTTCCGATCTgcttgtgcca,10,B,TGGCACAAGC
B12,sciv3-lig-B12,CAGTGAGtggcaatctaTACACTCTTTCCCTACACGACGCTCTTCCGATCTtagattgcca,12,B,TGGCAATCTA
C02,sciv3-lig-C02,CAGTGAGatgtcctgcaTACACTCTTTCCCTACACGACGCTCTTCCGATCTtgcaggacat,2,C,ATGTCCTGCA
C04,sciv3-lig-C04,CAGTGAGaaccgagctgTACACTCTTTCCCTACACGACGCTCTTCCGATCTcagctcggtt,4,C,AACCGAGCTG
C06,sciv3-lig-C06,CAGTGAGcgaattagtcTACACTCTTTCCCTACACGACGCTCTTCCGATCTgactaattcg,6,C,CGAATTAGTC
C08,sciv3-lig-C08,CAGTGAGttcggtgtagTACACTCTTTCCCTACACGACGCTCTTCCGATCTctacaccgaa,8,C,TTCGGTGTAG
C10,sciv3-lig-C10,CAGTGAGtaccactgatTACACTCTTTCCCTACACGACGCTCTTCCGATCTatcagtggta,10,C,TACCACTGAT
C12,sciv3-lig-C12,CAGTGAGttgatcctacTACACTCTTTCCCTACACGACGCTCTTCCGATCTgtaggatcaa,12,C,TTGATCCTAC
D02,sciv3-lig-D02,CAGTGAGaggtccagacTACACTCTTTCCCTACACGACGCTCTTCCGATCTgtctggacct,2,D,AGGTCCAGAC
D04,sciv3-lig-D04,CAGTGAGgtttatagacTACACTCTTTCCCTACACGACGCTCTTCCGATCTgtctataaac,4,D,GTTTATAGAC
D06,sciv3-lig-D06,CAGTGAGcattgtgtctTACACTCTTTCCCTACACGACGCTCTTCCGATCTagacacaatg,6,D,CATTGTGTCT
D08,sciv3-lig-D08,CAGTGAGtcgagaagtaTACACTCTTTCCCTACACGACGCTCTTCCGATCTtacttctcga,8,D,TCGAGAAGTA
D10,sciv3-lig-D10,CAGTGAGgcgacatagaTACACTCTTTCCCTACACGACGCTCTTCCGATCTtctatgtcgc,10,D,GCGACATAGA
D12,sciv3-lig-D12,CAGTGAGgaatttgacgTACACTCTTTCCCTACACGACGCTCTTCCGATCTcgtcaaattc,12,D,GAATTTGACG
E02,sciv3-lig-E02,CAGTGAGtagtggtgtgTACACTCTTTCCCTACACGACGCTCTTCCGATCTcacaccacta,2,E,TAGTGGTGTG
E04,sciv3-lig-E04,CAGTGAGttaacagactTACACTCTTTCCCTACACGACGCTCTTCCGATCTagtctgttaa,4,E,TTAACAGACT
E06,sciv3-lig-E06,CAGTGAGgagaaccgtaTACACTCTTTCCCTACACGACGCTCTTCCGATCTtacggttctc,6,E,GAGAACCGTA
E08,sciv3-lig-E08,CAGTGAGtgctacctcgTACACTCTTTCCCTACACGACGCTCTTCCGATCTcgaggtagca,8,E,TGCTACCTCG
E10,sciv3-lig-E10,CAGTGAGgatctacctaTACACTCTTTCCCTACACGACGCTCTTCCGATCTtaggtagatc,10,E,GATCTACCTA
E12,sciv3-lig-E12,CAGTGAGgagttactatTACACTCTTTCCCTACACGACGCTCTTCCGATCTatagtaactc,12,E,GAGTTACTAT
F02,sciv3-lig-F02,CAGTGAGcatccagataTACACTCTTTCCCTACACGACGCTCTTCCGATCTtatctggatg,2,F,CATCCAGATA
F04,sciv3-lig-F04,CAGTGAGatacgagcgaTACACTCTTTCCCTACACGACGCTCTTCCGATCTtcgctcgtat,4,F,ATACGAGCGA
F06,sciv3-lig-F06,CAGTGAGagtagtgctaTACACTCTTTCCCTACACGACGCTCTTCCGATCTtagcactact,6,F,AGTAGTGCTA
F08,sciv3-lig-F08,CAGTGAGagtgtggatcTACACTCTTTCCCTACACGACGCTCTTCCGATCTgatccacact,8,F,AGTGTGGATC
F10,sciv3-lig-F10,CAGTGAGgatggtcttcTACACTCTTTCCCTACACGACGCTCTTCCGATCTgaagaccatc,10,F,GATGGTCTTC
F12,sciv3-lig-F12,CAGTGAGtgaatggattTACACTCTTTCCCTACACGACGCTCTTCCGATCTaatccattca,12,F,TGAATGGATT
G02,sciv3-lig-G02,CAGTGAGatattaccacTACACTCTTTCCCTACACGACGCTCTTCCGATCTgtggtaatat,2,G,ATATTACCAC
G04,sciv3-lig-G04,CAGTGAGaaagagaacaTACACTCTTTCCCTACACGACGCTCTTCCGATCTtgttctcttt,4,G,AAAGAGAACA
G06,sciv3-lig-G06,CAGTGAGcatcgatgcaTACACTCTTTCCCTACACGACGCTCTTCCGATCTtgcatcgatg,6,G,CATCGATGCA
G08,sciv3-lig-G08,CAGTGAGtgtgaccactTACACTCTTTCCCTACACGACGCTCTTCCGATCTagtggtcaca,8,G,TGTGACCACT
G10,sciv3-lig-G10,CAGTGAGgacgcacattTACACTCTTTCCCTACACGACGCTCTTCCGATCTaatgtgcgtc,10,G,GACGCACATT
G12,sciv3-lig-G12,CAGTGAGcgatcgtcaaTACACTCTTTCCCTACACGACGCTCTTCCGATCTttgacgatcg,12,G,CGATCGTCAA
H02,sciv3-lig-H02,CAGTGAGtgatcagctcTACACTCTTTCCCTACACGACGCTCTTCCGATCTgagctgatca,2,H,TGATCAGCTC
H04,sciv3-lig-H04,CAGTGAGacctttggagTACACTCTTTCCCTACACGACGCTCTTCCGATCTctccaaaggt,4,H,ACCTTTGGAG
H06,sciv3-lig-H06,CAGTGAGgtcgcttacgTACACTCTTTCCCTACACGACGCTCTTCCGATCTcgtaagcgac,6,H,GTCGCTTACG
H08,sciv3-lig-H08,CAGTGAGgtgatgctttTACACTCTTTCCCTACACGACGCTCTTCCGATCTaaagcatcac,8,H,GTGATGCTTT
H10,sciv3-lig-H10,CAGTGAGaaacctgctcTACACTCTTTCCCTACACGACGCTCTTCCGATCTgagcaggttt,10,H,AAACCTGCTC
H12,sciv3-lig-H12,CAGTGAGgctctcgagtTACACTCTTTCCCTACACGACGCTCTTCCGATCTactcgagagc,12,H,GCTCTCGAGT
