Plate Name,Plate Barcode,Sales Order #,Reference #,Well Position,Sequence Name,Sequence,Manufacturing ID,Measured Molecular Weight,Calculated Molecular Weight,OD260,nmoles,µg,Measured Concentration µM ,Final Volume µL ,Extinction Coefficient L/(mole·cm),Tm,Well Barcode
sci-v2-P7-Nextera,17242145,19251661,434695010,A01,sci-v2-P7-Nextera-A01,CAA GCA GAA GAC GGC ATA CGA GAT GCT TCT GAC AGT CTC GTG GGC TCG G,536025779,15172.5,15172,8.85,18.65,283,100.27,186,474400.0,71,
sci-v2-P7-Nextera,17242145,19251661,434695011,A02,sci-v2-P7-Nextera-A02,CAA GCA GAA GAC GGC ATA CGA GAT GCT TGT AAA CGT CTC GTG GGC TCG G,536025780,15196.5,15196,9.51,19.82,301,100.1,198,479800.0,70,
sci-v2-P7-Nextera,17242145,19251661,434695012,A03,sci-v2-P7-Nextera-A03,CAA GCA GAA GAC GGC ATA CGA GAT GCT AAC TAC GGT CTC GTG GGC TCG G,536025781,15181.4,15181,10.94,22.82,346,100.09,228,479300.0,71,
sci-v2-P7-Nextera,17242145,19251661,434695013,A04,sci-v2-P7-Nextera-A04,CAA GCA GAA GAC GGC ATA CGA GAT ACA ACA GCG AGT CTC GTG GGC TCG G,536025782,15199.6,15199,12.14,24.83,377,100.12,248,489100.0,71,
sci-v2-P7-Nextera,17242145,19251661,434695014,A05,sci-v2-P7-Nextera-A05,CAA GCA GAA GAC GGC ATA CGA GAT ATA CTA CCC AGT CTC GTG GGC TCG G,536025783,15125.7,15125,14.11,29.26,443,99.86,293,482300.0,70,
sci-v2-P7-Nextera,17242145,19251661,434695015,A06,sci-v2-P7-Nextera-A06,CAA GCA GAA GAC GGC ATA CGA GAT ATT ACG GTA AGT CTC GTG GGC TCG G,536025784,15220.8,15220,11.18,22.82,347,100.09,228,489800.0,69,
sci-v2-P7-Nextera,17242145,19251661,434695016,A07,sci-v2-P7-Nextera-A07,CAA GCA GAA GAC GGC ATA CGA GAT ACA GCG AGG TGT CTC GTG GGC TCG G,536025785,15246.9,15246,12.16,25.01,381,100.04,250,486400.0,72,
sci-v2-P7-Nextera,17242145,19251661,434695017,A08,sci-v2-P7-Nextera-A08,CAA GCA GAA GAC GGC ATA CGA GAT CTC CAC CTA AGT CTC GTG GGC TCG G,536025786,15101.7,15101,10.47,22.06,333,99.82,221,474500.0,71,
sci-v2-P7-Nextera,17242145,19251661,434695018,A09,sci-v2-P7-Nextera-A09,CAA GCA GAA GAC GGC ATA CGA GAT TAA ACC CAT AGT CTC GTG GGC TCG G,536025787,15149.4,15149,9.8,20.17,306,99.85,202,486100.0,69,
sci-v2-P7-Nextera,17242145,19251661,434695019,A10,sci-v2-P7-Nextera-A10,CAA GCA GAA GAC GGC ATA CGA GAT TGG CAT TAT AGT CTC GTG GGC TCG G,536025788,15211.8,15211,11.38,23.51,358,100.04,235,483900.0,69,
sci-v2-P7-Nextera,17242145,19251661,434695020,A11,sci-v2-P7-Nextera-A11,CAA GCA GAA GAC GGC ATA CGA GAT TTA CCT TCC AGT CTC GTG GGC TCG G,536025789,15107.4,15107,11.28,23.92,361,100.08,239,471500.0,70,
sci-v2-P7-Nextera,17242145,19251661,434695021,A12,sci-v2-P7-Nextera-A12,CAA GCA GAA GAC GGC ATA CGA GAT ACC CTG AGT TGT CTC GTG GGC TCG G,536025790,15173.3,15172,9.78,20.51,311,100.05,205,476800.0,71,
sci-v2-P7-Nextera,17242145,19251661,434695022,B01,sci-v2-P7-Nextera-B01,CAA GCA GAA GAC GGC ATA CGA GAT TCA GTT ACA TGT CTC GTG GGC TCG G,536025791,15171.5,15171,10.57,21.96,333,99.82,220,481200.0,69,
sci-v2-P7-Nextera,17242145,19251661,434695023,B02,sci-v2-P7-Nextera-B02,CAA GCA GAA GAC GGC ATA CGA GAT ACC GAG AAT AGT CTC GTG GGC TCG G,536025792,15214.9,15214,10.95,22.22,338,100.09,222,492600.0,70,
sci-v2-P7-Nextera,17242145,19251661,434695024,B03,sci-v2-P7-Nextera-B03,CAA GCA GAA GAC GGC ATA CGA GAT CGC TTT GGA TGT CTC GTG GGC TCG G,536025793,15203.4,15203,11.41,24.09,366,99.96,241,473600.0,71,
sci-v2-P7-Nextera,17242145,19251661,434695025,B04,sci-v2-P7-Nextera-B04,CAA GCA GAA GAC GGC ATA CGA GAT CTG CAA TCA AGT CTC GTG GGC TCG G,536025794,15165.5,15165,11.18,23.22,352,100.09,232,481400.0,70,
sci-v2-P7-Nextera,17242145,19251661,434695026,B05,sci-v2-P7-Nextera-B05,CAA GCA GAA GAC GGC ATA CGA GAT ACT ATC CTG TGT CTC GTG GGC TCG G,536025795,15147.3,15147,11.76,24.74,375,100.16,247,475600.0,70,
sci-v2-P7-Nextera,17242145,19251661,434695027,B06,sci-v2-P7-Nextera-B06,CAA GCA GAA GAC GGC ATA CGA GAT TCA AGA GGC AGT CTC GTG GGC TCG G,536025796,15231.0,15230,12.08,24.79,378,99.96,248,487500.0,71,
sci-v2-P7-Nextera,17242145,19251661,434695028,B07,sci-v2-P7-Nextera-B07,CAA GCA GAA GAC GGC ATA CGA GAT CAG TAC GAT TGT CTC GTG GGC TCG G,536025797,15196.4,15196,10.52,21.74,330,100.18,217,483600.0,70,
sci-v2-P7-Nextera,17242145,19251661,434695029,B08,sci-v2-P7-Nextera-B08,CAA GCA GAA GAC GGC ATA CGA GAT AGC CAC TAG AGT CTC GTG GGC TCG G,536025798,15190.4,15190,11.95,24.58,373,99.92,246,486200.0,70,
sci-v2-P7-Nextera,17242145,19251661,434695030,B09,sci-v2-P7-Nextera-B09,CAA GCA GAA GAC GGC ATA CGA GAT GAG CAT GGC TGT CTC GTG GGC TCG G,536025799,15237.1,15237,8.85,18.46,281,99.78,185,479100.0,72,
sci-v2-P7-Nextera,17242145,19251661,434695031,B10,sci-v2-P7-Nextera-B10,CAA GCA GAA GAC GGC ATA CGA GAT TGA GCA ACT TGT CTC GTG GGC TCG G,536025800,15196.5,15196,12.29,25.64,390,100.16,256,479200.0,70,
sci-v2-P7-Nextera,17242145,19251661,434695032,B11,sci-v2-P7-Nextera-B11,CAA GCA GAA GAC GGC ATA CGA GAT CCC TCT CAC TGT CTC GTG GGC TCG G,536025801,15068.1,15068,12.42,26.79,404,99.96,268,463800.0,71,
sci-v2-P7-Nextera,17242145,19251661,434695033,B12,sci-v2-P7-Nextera-B12,CAA GCA GAA GAC GGC ATA CGA GAT GGA CAA GCG AGT CTC GTG GGC TCG G,536025802,15255.5,15255,11.6,23.73,362,100.13,237,488900.0,72,
sci-v2-P7-smallrna,17244198,19251661,434695035,A01,sci-v2-P7-smallrna-A01,CAA GCA GAA GAC GGC ATA CGA GAT GCT TCT GAC AGT GAC TGG AGT TCC TTG GC,536025755,16407.2,16407,13.65,26.52,435,100.08,265,514900.0,70,
sci-v2-P7-smallrna,17244198,19251661,434695036,A02,sci-v2-P7-smallrna-A02,CAA GCA GAA GAC GGC ATA CGA GAT GCT TGT AAA CGT GAC TGG AGT TCC TTG GC,536025756,16431.5,16431,9.74,18.73,308,100.16,187,520300.0,70,
sci-v2-P7-smallrna,17244198,19251661,434695037,A03,sci-v2-P7-smallrna-A03,CAA GCA GAA GAC GGC ATA CGA GAT GCT AAC TAC GGT GAC TGG AGT TCC TTG GC,536025757,16416.7,16416,13.65,26.27,431,99.89,263,519800.0,70,
sci-v2-P7-smallrna,17244198,19251661,434695038,A04,sci-v2-P7-smallrna-A04,CAA GCA GAA GAC GGC ATA CGA GAT ACA ACA GCG AGT GAC TGG AGT TCC TTG GC,536025758,16434.1,16434,13.36,25.22,414,100.08,252,529600.0,70,
sci-v2-P7-smallrna,17244198,19251661,434695039,A05,sci-v2-P7-smallrna-A05,CAA GCA GAA GAC GGC ATA CGA GAT ATA CTA CCC AGT GAC TGG AGT TCC TTG GC,536025759,16360.4,16360,13.35,25.54,418,100.16,255,522800.0,69,
sci-v2-P7-smallrna,17244198,19251661,434695040,A06,sci-v2-P7-smallrna-A06,CAA GCA GAA GAC GGC ATA CGA GAT ATT ACG GTA AGT GAC TGG AGT TCC TTG GC,536025760,16455.3,16455,11.9,22.44,369,100.18,224,530300.0,68,
sci-v2-P7-smallrna,17244198,19251661,434695041,A07,sci-v2-P7-smallrna-A07,CAA GCA GAA GAC GGC ATA CGA GAT ACA GCG AGG TGT GAC TGG AGT TCC TTG GC,536154517,16481.4,16481,16.26,30.85,508,99.84,309,526900.0,71,
sci-v2-P7-smallrna,17244198,19251661,434695042,A08,sci-v2-P7-smallrna-A08,CAA GCA GAA GAC GGC ATA CGA GAT CTC CAC CTA AGT GAC TGG AGT TCC TTG GC,536025762,16336.1,16336,12.98,25.2,412,100.0,252,515000.0,70,
sci-v2-P7-smallrna,17244198,19251661,434695043,A09,sci-v2-P7-smallrna-A09,CAA GCA GAA GAC GGC ATA CGA GAT TAA ACC CAT AGT GAC TGG AGT TCC TTG GC,536025763,16384.5,16384,13.65,25.92,425,100.08,259,526600.0,69,
sci-v2-P7-smallrna,17244198,19251661,434695044,A10,sci-v2-P7-smallrna-A10,CAA GCA GAA GAC GGC ATA CGA GAT TGG CAT TAT AGT GAC TGG AGT TCC TTG GC,536154518,16446.0,16446,11.13,21.23,349,100.14,212,524400.0,69,
sci-v2-P7-smallrna,17244198,19251661,434695045,A11,sci-v2-P7-smallrna-A11,CAA GCA GAA GAC GGC ATA CGA GAT TTA CCT TCC AGT GAC TGG AGT TCC TTG GC,536025765,16341.7,16342,12.63,24.67,403,99.88,247,512000.0,69,
sci-v2-P7-smallrna,17244198,19251661,434695046,A12,sci-v2-P7-smallrna-A12,CAA GCA GAA GAC GGC ATA CGA GAT ACC CTG AGT TGT GAC TGG AGT TCC TTG GC,536025766,16407.6,16407,9.77,18.88,310,99.89,189,517300.0,70,
sci-v2-P7-smallrna,17244198,19251661,434695047,B01,sci-v2-P7-smallrna-B01,CAA GCA GAA GAC GGC ATA CGA GAT TCA GTT ACA TGT GAC TGG AGT TCC TTG GC,536025767,16406.1,16406,13.44,25.77,423,99.88,258,521700.0,69,
sci-v2-P7-smallrna,17244198,19251661,434695048,B02,sci-v2-P7-smallrna-B02,CAA GCA GAA GAC GGC ATA CGA GAT ACC GAG AAT AGT GAC TGG AGT TCC TTG GC,536025768,16449.2,16449,14.61,27.41,451,100.04,274,533100.0,69,
sci-v2-P7-smallrna,17244198,19251661,434695049,B03,sci-v2-P7-smallrna-B03,CAA GCA GAA GAC GGC ATA CGA GAT CGC TTT GGA TGT GAC TGG AGT TCC TTG GC,536025769,16437.9,16438,13.45,26.16,430,99.85,262,514100.0,70,
sci-v2-P7-smallrna,17244198,19251661,434695050,B04,sci-v2-P7-smallrna-B04,CAA GCA GAA GAC GGC ATA CGA GAT CTG CAA TCA AGT GAC TGG AGT TCC TTG GC,536025770,16399.5,16400,13.39,25.66,421,99.84,257,521900.0,70,
sci-v2-P7-smallrna,17244198,19251661,434695051,B05,sci-v2-P7-smallrna-B05,CAA GCA GAA GAC GGC ATA CGA GAT ACT ATC CTG TGT GAC TGG AGT TCC TTG GC,536025771,16382.5,16382,13.65,26.45,433,99.81,265,516100.0,69,
sci-v2-P7-smallrna,17244198,19251661,434695052,B06,sci-v2-P7-smallrna-B06,CAA GCA GAA GAC GGC ATA CGA GAT TCA AGA GGC AGT GAC TGG AGT TCC TTG GC,536025772,16465.1,16465,8.74,16.55,272,100.3,165,528000.0,70,
sci-v2-P7-smallrna,17244198,19251661,434695053,B07,sci-v2-P7-smallrna-B07,CAA GCA GAA GAC GGC ATA CGA GAT CAG TAC GAT TGT GAC TGG AGT TCC TTG GC,536025773,16430.9,16431,10.26,19.57,322,99.85,196,524100.0,69,
sci-v2-P7-smallrna,17244198,19251661,434695054,B08,sci-v2-P7-smallrna-B08,CAA GCA GAA GAC GGC ATA CGA GAT AGC CAC TAG AGT GAC TGG AGT TCC TTG GC,536025774,16425.2,16425,12.11,22.99,378,99.96,230,526700.0,70,
sci-v2-P7-smallrna,17244198,19251661,434695055,B09,sci-v2-P7-smallrna-B09,CAA GCA GAA GAC GGC ATA CGA GAT GAG CAT GGC TGT GAC TGG AGT TCC TTG GC,536025775,16472.1,16472,9.23,17.77,293,99.83,178,519600.0,71,
sci-v2-P7-smallrna,17244198,19251661,434695056,B10,sci-v2-P7-smallrna-B10,CAA GCA GAA GAC GGC ATA CGA GAT TGA GCA ACT TGT GAC TGG AGT TCC TTG GC,536025776,16431.3,16431,13.59,26.15,430,99.81,262,519700.0,70,
sci-v2-P7-smallrna,17244198,19251661,434695057,B11,sci-v2-P7-smallrna-B11,CAA GCA GAA GAC GGC ATA CGA GAT CCC TCT CAC TGT GAC TGG AGT TCC TTG GC,536025777,16303.5,16303,13.39,26.54,433,100.15,265,504300.0,71,
sci-v2-P7-smallrna,17244198,19251661,434695058,B12,sci-v2-P7-smallrna-B12,CAA GCA GAA GAC GGC ATA CGA GAT GGA CAA GCG AGT GAC TGG AGT TCC TTG GC,536025778,16490.3,16490,12.14,22.94,378,100.17,229,529400.0,71,
sci-v2-P5,17244199,19251661,434694913,A01,sci-v2-P5-A01,AAT GAT ACG GCG ACC ACC GAG ATC TAC ACT TGA TCA TGA ACA CTC TTT CCC TAC ACG ACG,536025803,18317.5,18317,9.7,16.87,309,100.42,168,575200.0,69,
sci-v2-P5,17244199,19251661,434694914,A02,sci-v2-P5-A02,AAT GAT ACG GCG ACC ACC GAG ATC TAC ACT TGT AGT ACG ACA CTC TTT CCC TAC ACG ACG,536025804,18333.6,18333,15.56,27.03,496,100.11,270,575500.0,70,
sci-v2-P5,17244199,19251661,434694915,A03,sci-v2-P5-A03,AAT GAT ACG GCG ACC ACC GAG ATC TAC ACT GGT CTA TTC ACA CTC TTT CCC TAC ACG ACG,536025805,18284.3,18284,12.32,21.74,397,100.18,217,566700.0,70,
sci-v2-P5,17244199,19251661,434694916,A04,sci-v2-P5-A04,AAT GAT ACG GCG ACC ACC GAG ATC TAC ACG ACT GCA GAA ACA CTC TTT CCC TAC ACG ACG,536025806,18336.2,18336,15.76,27.24,499,100.15,272,578600.0,71,
sci-v2-P5,17244199,19251661,434694917,A05,sci-v2-P5-A05,AAT GAT ACG GCG ACC ACC GAG ATC TAC ACT CCC AAT AAG ACA CTC TTT CCC TAC ACG ACG,536025807,18271.7,18271,13.62,23.63,432,100.13,236,576100.0,70,
sci-v2-P5,17244199,19251661,434694918,A06,sci-v2-P5-A06,AAT GAT ACG GCG ACC ACC GAG ATC TAC ACT CCG CAT ACA ACA CTC TTT CCC TAC ACG ACG,536025808,18247.5,18247,11.8,20.71,378,100.05,207,569900.0,71,
sci-v2-P5,17244199,19251661,434694919,A07,sci-v2-P5-A07,AAT GAT ACG GCG ACC ACC GAG ATC TAC ACT TAA GAC AAG ACA CTC TTT CCC TAC ACG ACG,536025809,18334.9,18335,11.24,19.25,353,100.26,192,584000.0,69,
sci-v2-P5,17244199,19251661,434694920,A08,sci-v2-P5-A08,AAT GAT ACG GCG ACC ACC GAG ATC TAC ACG ATC GGC GCA ACA CTC TTT CCC TAC ACG ACG,536025810,18328.5,18328,12.54,21.94,402,100.18,219,571700.0,72,
sci-v2-P5,17244199,19251661,434694921,A09,sci-v2-P5-A09,AAT GAT ACG GCG ACC ACC GAG ATC TAC ACC CTC TGT TAC ACA CTC TTT CCC TAC ACG ACG,536025811,18229.9,18229,14.42,25.66,468,100.23,256,561900.0,70,
sci-v2-P5,17244199,19251661,434694922,A10,sci-v2-P5-A10,AAT GAT ACG GCG ACC ACC GAG ATC TAC ACT GTA TCA GGT ACA CTC TTT CCC TAC ACG ACG,536025812,18333.6,18333,15.08,26.18,480,100.31,261,576100.0,70,
sci-v2-P5,17244199,19251661,434694923,A11,sci-v2-P5-A11,AAT GAT ACG GCG ACC ACC GAG ATC TAC ACA CAC CTA TGT ACA CTC TTT CCC TAC ACG ACG,536025813,18262.3,18262,14.91,26.02,475,100.08,260,573000.0,70,
sci-v2-P5,17244199,19251661,434694924,A12,sci-v2-P5-A12,AAT GAT ACG GCG ACC ACC GAG ATC TAC ACG CAA ATG ATC ACA CTC TTT CCC TAC ACG ACG,536025814,18311.6,18311,14.76,25.55,468,100.2,255,577800.0,70,
sci-v2-P5,17244199,19251661,434694925,B01,sci-v2-P5-B01,AAT GAT ACG GCG ACC ACC GAG ATC TAC ACG GGC TTG GCA ACA CTC TTT CCC TAC ACG ACG,536025815,18359.4,18359,15.1,26.56,488,100.23,265,568300.0,72,
sci-v2-P5,17244199,19251661,434694926,B02,sci-v2-P5-B02,AAT GAT ACG GCG ACC ACC GAG ATC TAC ACG TTG CGA ATA ACA CTC TTT CCC TAC ACG ACG,536025816,18342.7,18342,15.14,26.23,481,100.11,262,577200.0,70,
sci-v2-P5,17244199,19251661,434694927,B03,sci-v2-P5-B03,AAT GAT ACG GCG ACC ACC GAG ATC TAC ACC CCT GGT TGG ACA CTC TTT CCC TAC ACG ACG,536154514,18309.9,18310,16.88,29.94,548,100.13,299,563700.0,72,
sci-v2-P5,17244199,19251661,434694928,B04,sci-v2-P5-B04,AAT GAT ACG GCG ACC ACC GAG ATC TAC ACC TCG GGC TCA ACA CTC TTT CCC TAC ACG ACG,536025818,18279.0,18279,13.5,23.95,438,100.21,239,563700.0,72,
sci-v2-P5,17244199,19251661,434694929,B05,sci-v2-P5-B05,AAT GAT ACG GCG ACC ACC GAG ATC TAC ACC TAA CCG GTT ACA CTC TTT CCC TAC ACG ACG,536025819,18278.1,18278,13.99,24.54,449,100.16,245,569900.0,70,
sci-v2-P5,17244199,19251661,434694930,B06,sci-v2-P5-B06,AAT GAT ACG GCG ACC ACC GAG ATC TAC ACG ACG TGC AAT ACA CTC TTT CCC TAC ACG ACG,536025820,18327.1,18327,9.12,15.81,290,100.06,158,576700.0,71,
sci-v2-P5,17244199,19251661,434694931,B07,sci-v2-P5-B07,AAT GAT ACG GCG ACC ACC GAG ATC TAC ACG GGA CCA CTT ACA CTC TTT CCC TAC ACG ACG,536154515,18303.5,18303,13.01,22.79,417,100.4,227,570900.0,71,
sci-v2-P5,17244199,19251661,434694932,B08,sci-v2-P5-B08,AAT GAT ACG GCG ACC ACC GAG ATC TAC ACA TGT TCT TGA ACA CTC TTT CCC TAC ACG ACG,536025822,18308.3,18308,13.84,24.26,444,100.25,242,570700.0,70,
sci-v2-P5,17244199,19251661,434694933,B09,sci-v2-P5-B09,AAT GAT ACG GCG ACC ACC GAG ATC TAC ACT TAA AGG TGA ACA CTC TTT CCC TAC ACG ACG,536025823,18366.2,18366,10.88,18.7,343,100.54,186,582000.0,69,
sci-v2-P5,17244199,19251661,434694934,B10,sci-v2-P5-B10,AAT GAT ACG GCG ACC ACC GAG ATC TAC ACT TAA AGG CAT ACA CTC TTT CCC TAC ACG ACG,536025824,18326.0,18326,12.35,21.31,391,100.05,213,579500.0,69,
sci-v2-P5,17244199,19251661,434694935,B11,sci-v2-P5-B11,AAT GAT ACG GCG ACC ACC GAG ATC TAC ACT AAA CTC TCT ACA CTC TTT CCC TAC ACG ACG,536025825,18236.5,18237,14.95,26.3,480,100.0,263,568600.0,69,
sci-v2-P5,17244199,19251661,434694936,B12,sci-v2-P5-B12,AAT GAT ACG GCG ACC ACC GAG ATC TAC ACC CAT CTT CAC ACA CTC TTT CCC TAC ACG ACG,536025826,18198.4,18198,11.36,20.17,367,100.35,201,563100.0,71,
sci-v2-P5,17244199,19251661,434694937,C01,sci-v2-P5-C01,AAT GAT ACG GCG ACC ACC GAG ATC TAC ACC CAC CGA CGA ACA CTC TTT CCC TAC ACG ACG,536025827,18256.9,18257,13.24,23.2,423,100.43,231,570800.0,72,
sci-v2-P5,17244199,19251661,434694938,C02,sci-v2-P5-C02,AAT GAT ACG GCG ACC ACC GAG ATC TAC ACG TCT CGT CGG ACA CTC TTT CCC TAC ACG ACG,536025828,18310.9,18310,16.41,29.0,531,100.35,289,566100.0,71,
sci-v2-P5,17244199,19251661,434694939,C03,sci-v2-P5-C03,AAT GAT ACG GCG ACC ACC GAG ATC TAC ACC CAG AAC ACG ACA CTC TTT CCC TAC ACG ACG,536025829,18281.5,18281,15.13,26.25,480,100.19,262,576400.0,71,
sci-v2-P5,17244199,19251661,434694940,C04,sci-v2-P5-C04,AAT GAT ACG GCG ACC ACC GAG ATC TAC ACC ATC ATA CTC ACA CTC TTT CCC TAC ACG ACG,536025830,18222.3,18222,15.73,27.61,503,100.04,276,569900.0,70,
sci-v2-P5,17244199,19251661,434694941,C05,sci-v2-P5-C05,AAT GAT ACG GCG ACC ACC GAG ATC TAC ACC ATC CTT CGG ACA CTC TTT CCC TAC ACG ACG,536025831,18254.9,18254,15.32,27.16,496,100.22,271,564100.0,71,
sci-v2-P5,17244199,19251661,434694942,C06,sci-v2-P5-C06,AAT GAT ACG GCG ACC ACC GAG ATC TAC ACA CGG CTG CAG ACA CTC TTT CCC TAC ACG ACG,536154516,18328.3,18328,13.43,23.52,431,100.09,235,570900.0,72,
sci-v2-P5,17244199,19251661,434694943,C07,sci-v2-P5-C07,AAT GAT ACG GCG ACC ACC GAG ATC TAC ACT CAC TCA AGG ACA CTC TTT CCC TAC ACG ACG,536025833,18287.8,18287,10.32,18.02,329,100.11,180,572600.0,70,
sci-v2-P5,17244199,19251661,434694944,C08,sci-v2-P5-C08,AAT GAT ACG GCG ACC ACC GAG ATC TAC ACT CGT GCA TCT ACA CTC TTT CCC TAC ACG ACG,536025834,18269.5,18269,14.24,25.19,460,100.36,251,565200.0,70,
sci-v2-P5,17244199,19251661,434694945,C09,sci-v2-P5-C09,AAT GAT ACG GCG ACC ACC GAG ATC TAC ACT CAT TCG GTA ACA CTC TTT CCC TAC ACG ACG,536025835,18293.7,18293,13.35,23.37,428,100.3,233,571200.0,70,
sci-v2-P5,17244199,19251661,434694946,C10,sci-v2-P5-C10,AAT GAT ACG GCG ACC ACC GAG ATC TAC ACT TTG AGG AAT ACA CTC TTT CCC TAC ACG ACG,536025836,18357.2,18357,13.45,23.25,427,100.22,232,578700.0,69,
sci-v2-P5,17244199,19251661,434694947,C11,sci-v2-P5-C11,AAT GAT ACG GCG ACC ACC GAG ATC TAC ACT ACC ATG TCA ACA CTC TTT CCC TAC ACG ACG,536025837,18262.4,18262,9.51,16.62,304,100.12,166,572000.0,70,
sci-v2-P5,17244199,19251661,434694948,C12,sci-v2-P5-C12,AAT GAT ACG GCG ACC ACC GAG ATC TAC ACT CTG TCT AAC ACA CTC TTT CCC TAC ACG ACG,536025838,18254.1,18253,7.54,13.31,243,100.08,133,566700.0,70,
sci-v2-P5,17244199,19251661,434694949,D01,sci-v2-P5-D01,AAT GAT ACG GCG ACC ACC GAG ATC TAC ACA GTA CAG GCA ACA CTC TTT CCC TAC ACG ACG,536025839,18336.7,18336,16.92,29.11,534,100.03,291,581000.0,71,
sci-v2-P5,17244199,19251661,434694950,D02,sci-v2-P5-D02,AAT GAT ACG GCG ACC ACC GAG ATC TAC ACC CGG ATG CGA ACA CTC TTT CCC TAC ACG ACG,536025840,18329.0,18328,14.55,25.42,466,100.08,254,572100.0,72,
sci-v2-P5,17244199,19251661,434694951,D03,sci-v2-P5-D03,AAT GAT ACG GCG ACC ACC GAG ATC TAC ACC GTA CAA GCG ACA CTC TTT CCC TAC ACG ACG,536025841,18312.3,18312,14.91,25.89,474,100.35,258,575800.0,71,
sci-v2-P5,17244199,19251661,434694952,D04,sci-v2-P5-D04,AAT GAT ACG GCG ACC ACC GAG ATC TAC ACC ATT CAT AAG ACA CTC TTT CCC TAC ACG ACG,536025842,18286.5,18286,3.82,6.6,121,101.54,65,578400.0,69,
sci-v2-P5,17244199,19251661,434694953,D05,sci-v2-P5-D05,AAT GAT ACG GCG ACC ACC GAG ATC TAC ACA GAG ATA CGC ACA CTC TTT CCC TAC ACG ACG,536025843,18336.3,18336,14.25,24.49,449,100.37,244,582000.0,70,
sci-v2-P5,17244199,19251661,434694954,D06,sci-v2-P5-D06,AAT GAT ACG GCG ACC ACC GAG ATC TAC ACA AGG CTA GGC ACA CTC TTT CCC TAC ACG ACG,536025844,18352.6,18352,11.57,20.05,368,100.25,200,576900.0,71,
sci-v2-P5,17244199,19251661,434694955,D07,sci-v2-P5-D07,AAT GAT ACG GCG ACC ACC GAG ATC TAC ACT TTA GGC AAC ACA CTC TTT CCC TAC ACG ACG,536025845,18302.6,18302,15.03,26.22,480,100.08,262,573100.0,70,
sci-v2-P5,17244199,19251661,434694956,D08,sci-v2-P5-D08,AAT GAT ACG GCG ACC ACC GAG ATC TAC ACC GTT CAA CTA ACA CTC TTT CCC TAC ACG ACG,536025846,18262.6,18262,14.54,25.45,465,100.2,254,571200.0,70,
sci-v2-P5,17244199,19251661,434694957,D09,sci-v2-P5-D09,AAT GAT ACG GCG ACC ACC GAG ATC TAC ACC CCA GGA CTT ACA CTC TTT CCC TAC ACG ACG,536025847,18263.8,18263,10.05,17.68,323,100.45,176,568400.0,71,
sci-v2-P5,17244199,19251661,434694958,D10,sci-v2-P5-D10,AAT GAT ACG GCG ACC ACC GAG ATC TAC ACA CTA GAC GCG ACA CTC TTT CCC TAC ACG ACG,536025848,18312.8,18312,13.11,22.79,417,100.4,227,575400.0,71,
sci-v2-P5,17244199,19251661,434694959,D11,sci-v2-P5-D11,AAT GAT ACG GCG ACC ACC GAG ATC TAC ACC GCG CAT TAC ACA CTC TTT CCC TAC ACG ACG,536025849,18263.4,18263,12.3,21.67,396,100.32,216,567400.0,71,
sci-v2-P5,17244199,19251661,434694960,D12,sci-v2-P5-D12,AAT GAT ACG GCG ACC ACC GAG ATC TAC ACG GCG GGA TGT ACA CTC TTT CCC TAC ACG ACG,536025850,18400.3,18399,6.61,11.49,211,100.79,114,575400.0,72,
sci-v2-P5,17244199,19251661,434694961,E01,sci-v2-P5-E01,AAT GAT ACG GCG ACC ACC GAG ATC TAC ACA AAG CTA GCG ACA CTC TTT CCC TAC ACG ACG,536025851,18336.7,18336,13.93,24.05,441,100.21,240,579200.0,71,
sci-v2-P5,17244199,19251661,434694962,E02,sci-v2-P5-E02,AAT GAT ACG GCG ACC ACC GAG ATC TAC ACT GAG CGT TGG ACA CTC TTT CCC TAC ACG ACG,536025852,18374.3,18374,15.74,27.51,506,100.04,275,572000.0,71,
sci-v2-P5,17244199,19251661,434694963,E03,sci-v2-P5-E03,AAT GAT ACG GCG ACC ACC GAG ATC TAC ACA TCG TTG AGA ACA CTC TTT CCC TAC ACG ACG,536025853,18343.0,18342,15.53,26.85,492,100.19,268,578400.0,70,
sci-v2-P5,17244199,19251661,434694964,E04,sci-v2-P5-E04,AAT GAT ACG GCG ACC ACC GAG ATC TAC ACG CGA ATG TTT ACA CTC TTT CCC TAC ACG ACG,536025854,18333.8,18333,15.37,26.8,491,100.0,268,573300.0,70,
sci-v2-P5,17244199,19251661,434694965,E05,sci-v2-P5-E05,AAT GAT ACG GCG ACC ACC GAG ATC TAC ACG AAC TTC TGT ACA CTC TTT CCC TAC ACG ACG,536025855,18293.7,18293,14.81,25.99,475,100.35,259,570000.0,70,
sci-v2-P5,17244199,19251661,434694966,E06,sci-v2-P5-E06,AAT GAT ACG GCG ACC ACC GAG ATC TAC ACA GAT CAT CTT ACA CTC TTT CCC TAC ACG ACG,536025856,18277.1,18277,15.79,27.48,502,100.29,274,574500.0,69,
sci-v2-P5,17244199,19251661,434694967,E07,sci-v2-P5-E07,AAT GAT ACG GCG ACC ACC GAG ATC TAC ACC CTC GTC ATC ACA CTC TTT CCC TAC ACG ACG,536025857,18214.5,18214,8.53,15.17,276,100.46,151,562000.0,71,
sci-v2-P5,17244199,19251661,434694968,E08,sci-v2-P5-E08,AAT GAT ACG GCG ACC ACC GAG ATC TAC ACG TCG CAC TAA ACA CTC TTT CCC TAC ACG ACG,536025858,18287.4,18287,10.07,17.58,321,100.46,175,572600.0,71,
sci-v2-P5,17244199,19251661,434694969,E09,sci-v2-P5-E09,AAT GAT ACG GCG ACC ACC GAG ATC TAC ACG ACT TTA TGC ACA CTC TTT CCC TAC ACG ACG,536025859,18293.2,18293,13.7,24.05,440,100.21,240,569600.0,70,
sci-v2-P5,17244199,19251661,434694970,E10,sci-v2-P5-E10,AAT GAT ACG GCG ACC ACC GAG ATC TAC ACT GTT AAA CGT ACA CTC TTT CCC TAC ACG ACG,536025860,18317.6,18317,10.88,18.87,346,100.37,188,576200.0,69,
sci-v2-P5,17244199,19251661,434694971,E11,sci-v2-P5-E11,AAT GAT ACG GCG ACC ACC GAG ATC TAC ACT TCT TGC ATA ACA CTC TTT CCC TAC ACG ACG,536025861,18268.3,18268,10.54,18.59,340,100.49,185,566800.0,69,
sci-v2-P5,17244199,19251661,434694972,E12,sci-v2-P5-E12,AAT GAT ACG GCG ACC ACC GAG ATC TAC ACT AAA GGC CGG ACA CTC TTT CCC TAC ACG ACG,536025862,18352.5,18352,13.96,24.19,444,100.37,241,577100.0,71,
sci-v2-P5,17244199,19251661,434694973,F01,sci-v2-P5-F01,AAT GAT ACG GCG ACC ACC GAG ATC TAC ACA AGC ACC CAT ACA CTC TTT CCC TAC ACG ACG,536025863,18255.9,18256,17.0,29.59,540,100.31,295,574600.0,71,
sci-v2-P5,17244199,19251661,434694974,F02,sci-v2-P5-F02,AAT GAT ACG GCG ACC ACC GAG ATC TAC ACG TAT GTG CAC ACA CTC TTT CCC TAC ACG ACG,536025864,18318.5,18318,11.25,19.64,360,100.2,196,573000.0,71,
sci-v2-P5,17244199,19251661,434694975,F03,sci-v2-P5-F03,AAT GAT ACG GCG ACC ACC GAG ATC TAC ACG TGT TCC TAA ACA CTC TTT CCC TAC ACG ACG,536025865,18294.0,18293,17.65,30.94,566,100.13,309,570400.0,70,
sci-v2-P5,17244199,19251661,434694976,F04,sci-v2-P5-F04,AAT GAT ACG GCG ACC ACC GAG ATC TAC ACT CTT AAT CGA ACA CTC TTT CCC TAC ACG ACG,536025866,18276.8,18277,16.01,27.97,511,100.25,279,572300.0,69,
sci-v2-P5,17244199,19251661,434694977,F05,sci-v2-P5-F05,AAT GAT ACG GCG ACC ACC GAG ATC TAC ACC GCA CGA CTC ACA CTC TTT CCC TAC ACG ACG,536025867,18247.8,18248,14.55,25.7,469,100.0,257,565900.0,72,
sci-v2-P5,17244199,19251661,434694978,F06,sci-v2-P5-F06,AAT GAT ACG GCG ACC ACC GAG ATC TAC ACT TGA GCT GAG ACA CTC TTT CCC TAC ACG ACG,536025868,18358.6,18358,13.41,23.37,429,100.3,233,573900.0,70,
sci-v2-P5,17244199,19251661,434694979,F07,sci-v2-P5-F07,AAT GAT ACG GCG ACC ACC GAG ATC TAC ACA CAG GTC ACA ACA CTC TTT CCC TAC ACG ACG,536025869,18296.1,18296,14.16,24.51,449,100.04,245,577700.0,71,
sci-v2-P5,17244199,19251661,434694980,F08,sci-v2-P5-F08,AAT GAT ACG GCG ACC ACC GAG ATC TAC ACC TCT GGT CAA ACA CTC TTT CCC TAC ACG ACG,536025870,18278.3,18278,11.18,19.69,360,100.46,196,567700.0,71,
sci-v2-P5,17244199,19251661,434694981,F09,sci-v2-P5-F09,AAT GAT ACG GCG ACC ACC GAG ATC TAC ACT GAC GTT CGA ACA CTC TTT CCC TAC ACG ACG,536025871,18318.5,18318,17.08,29.88,547,100.27,298,571800.0,70,
sci-v2-P5,17244199,19251661,434694982,F10,sci-v2-P5-F10,AAT GAT ACG GCG ACC ACC GAG ATC TAC ACG CGA AAT GTC ACA CTC TTT CCC TAC ACG ACG,536025872,18327.3,18327,13.09,22.74,417,100.18,227,575700.0,71,
sci-v2-P5,17244199,19251661,434694983,F11,sci-v2-P5-F11,AAT GAT ACG GCG ACC ACC GAG ATC TAC ACA GAG AAG AAT ACA CTC TTT CCC TAC ACG ACG,536025873,18384.2,18384,12.82,21.61,397,100.05,216,593000.0,69,
sci-v2-P5,17244199,19251661,434694984,F12,sci-v2-P5-F12,AAT GAT ACG GCG ACC ACC GAG ATC TAC ACT TAC TAT TGC ACA CTC TTT CCC TAC ACG ACG,536025874,18268.7,18268,8.53,15.02,274,100.13,150,567800.0,69,
sci-v2-P5,17244199,19251661,434694985,G01,sci-v2-P5-G01,AAT GAT ACG GCG ACC ACC GAG ATC TAC ACT TCA TTA GGG ACA CTC TTT CCC TAC ACG ACG,536025875,18333.3,18333,14.76,25.7,471,100.0,257,574100.0,70,
sci-v2-P5,17244199,19251661,434694986,G02,sci-v2-P5-G02,AAT GAT ACG GCG ACC ACC GAG ATC TAC ACA AGA TGC CTA ACA CTC TTT CCC TAC ACG ACG,536025876,18311.3,18311,14.82,25.64,470,100.16,256,577800.0,70,
sci-v2-P5,17244199,19251661,434694987,G03,sci-v2-P5-G03,AAT GAT ACG GCG ACC ACC GAG ATC TAC ACT CTG AAG ACT ACA CTC TTT CCC TAC ACG ACG,536025877,18302.1,18302,16.51,28.76,526,100.21,287,573900.0,70,
sci-v2-P5,17244199,19251661,434694988,G04,sci-v2-P5-G04,AAT GAT ACG GCG ACC ACC GAG ATC TAC ACT CTG AGA AGC ACA CTC TTT CCC TAC ACG ACG,536025878,18327.1,18327,13.01,22.61,414,100.04,226,575100.0,70,
sci-v2-P5,17244199,19251661,434694989,G05,sci-v2-P5-G05,AAT GAT ACG GCG ACC ACC GAG ATC TAC ACT CCT TAC GTC ACA CTC TTT CCC TAC ACG ACG,536025879,18229.4,18229,3.13,5.57,102,101.27,55,562500.0,70,
sci-v2-P5,17244199,19251661,434694990,G06,sci-v2-P5-G06,AAT GAT ACG GCG ACC ACC GAG ATC TAC ACC TCA TTA TCA ACA CTC TTT CCC TAC ACG ACG,536025880,18237.5,18237,8.56,15.01,274,100.07,150,570400.0,69,
sci-v2-P5,17244199,19251661,434694991,G07,sci-v2-P5-G07,AAT GAT ACG GCG ACC ACC GAG ATC TAC ACC GTA CTT CCT ACA CTC TTT CCC TAC ACG ACG,536025881,18228.8,18229,9.27,16.46,300,100.37,164,563100.0,70,
sci-v2-P5,17244199,19251661,434694992,G08,sci-v2-P5-G08,AAT GAT ACG GCG ACC ACC GAG ATC TAC ACT AAC GAA ATC ACA CTC TTT CCC TAC ACG ACG,536025882,18296.0,18295,14.76,25.42,465,100.08,254,580500.0,69,
sci-v2-P5,17244199,19251661,434694993,G09,sci-v2-P5-G09,AAT GAT ACG GCG ACC ACC GAG ATC TAC ACG AAA GGT CTT ACA CTC TTT CCC TAC ACG ACG,536025883,18342.7,18342,14.18,24.54,450,100.16,245,577800.0,70,
sci-v2-P5,17244199,19251661,434694994,G10,sci-v2-P5-G10,AAT GAT ACG GCG ACC ACC GAG ATC TAC ACG CAC TAT GGA ACA CTC TTT CCC TAC ACG ACG,536025884,18327.7,18327,16.37,28.45,521,100.18,284,575500.0,71,
sci-v2-P5,17244199,19251661,434694995,G11,sci-v2-P5-G11,AAT GAT ACG GCG ACC ACC GAG ATC TAC ACC GTT GAA TAT ACA CTC TTT CCC TAC ACG ACG,536025885,18317.8,18317,15.9,27.51,504,100.04,275,577800.0,69,
sci-v2-P5,17244199,19251661,434694996,G12,sci-v2-P5-G12,AAT GAT ACG GCG ACC ACC GAG ATC TAC ACA CCA TAC ATC ACA CTC TTT CCC TAC ACG ACG,536025886,18231.7,18231,9.73,16.94,309,100.24,169,574200.0,70,
sci-v2-P5,17244199,19251661,434694997,H01,sci-v2-P5-H01,AAT GAT ACG GCG ACC ACC GAG ATC TAC ACA CGG CAC TGA ACA CTC TTT CCC TAC ACG ACG,536025887,18312.4,18312,12.36,21.57,395,100.33,215,573000.0,71,
sci-v2-P5,17244199,19251661,434694998,H02,sci-v2-P5-H02,AAT GAT ACG GCG ACC ACC GAG ATC TAC ACG TCT TTC GCG ACA CTC TTT CCC TAC ACG ACG,536025888,18285.5,18285,11.84,21.06,385,100.29,210,562300.0,71,
sci-v2-P5,17244199,19251661,434694999,H03,sci-v2-P5-H03,AAT GAT ACG GCG ACC ACC GAG ATC TAC ACT CTT GCG TAG ACA CTC TTT CCC TAC ACG ACG,536025889,18309.7,18309,13.97,24.59,450,100.37,245,567900.0,70,
sci-v2-P5,17244199,19251661,434695000,H04,sci-v2-P5-H04,AAT GAT ACG GCG ACC ACC GAG ATC TAC ACG CTA AAT GTT ACA CTC TTT CCC TAC ACG ACG,536025890,18317.7,18317,15.65,27.19,498,100.33,271,575400.0,69,
sci-v2-P5,17244199,19251661,434695001,H05,sci-v2-P5-H05,AAT GAT ACG GCG ACC ACC GAG ATC TAC ACG AGC GCT TGT ACA CTC TTT CCC TAC ACG ACG,536025891,18334.9,18334,3.71,6.53,120,100.46,65,569300.0,71,
sci-v2-P5,17244199,19251661,434695002,H06,sci-v2-P5-H06,AAT GAT ACG GCG ACC ACC GAG ATC TAC ACC TCA AGC GAA ACA CTC TTT CCC TAC ACG ACG,536025892,18296.5,18296,13.08,22.73,416,100.13,227,575500.0,71,
sci-v2-P5,17244199,19251661,434695003,H07,sci-v2-P5-H07,AAT GAT ACG GCG ACC ACC GAG ATC TAC ACG ACC ATC AAA ACA CTC TTT CCC TAC ACG ACG,536025893,18280.7,18280,7.5,12.96,237,100.47,129,579000.0,70,
sci-v2-P5,17244199,19251661,434695004,H08,sci-v2-P5-H08,AAT GAT ACG GCG ACC ACC GAG ATC TAC ACA GGC CAC AAA ACA CTC TTT CCC TAC ACG ACG,536025894,18305.1,18305,15.24,26.3,481,100.38,262,579400.0,71,
sci-v2-P5,17244199,19251661,434695005,H09,sci-v2-P5-H09,AAT GAT ACG GCG ACC ACC GAG ATC TAC ACG AGT CAA ACA ACA CTC TTT CCC TAC ACG ACG,536025895,18320.3,18320,17.36,29.79,546,100.3,297,582500.0,70,
sci-v2-P5,17244199,19251661,434695006,H10,sci-v2-P5-H10,AAT GAT ACG GCG ACC ACC GAG ATC TAC ACA GGT AGG ACA ACA CTC TTT CCC TAC ACG ACG,536025896,18375.9,18376,18.48,31.59,580,100.29,315,584900.0,70,
sci-v2-P5,17244199,19251661,434695007,H11,sci-v2-P5-H11,AAT GAT ACG GCG ACC ACC GAG ATC TAC ACG AGT ACC AGT ACA CTC TTT CCC TAC ACG ACG,536025897,18327.5,18327,16.24,28.01,513,100.04,280,579900.0,70,
sci-v2-P5,17244199,19251661,434695008,H12,sci-v2-P5-H12,AAT GAT ACG GCG ACC ACC GAG ATC TAC ACG CCT CAG TGT ACA CTC TTT CCC TAC ACG ACG,536025898,18294.2,18294,16.58,29.21,534,100.03,292,567800.0,71,
sci-v2-Lig,17246668,19251661,434695157,A01,sciv2-Lig-A01,CAG TGA GTC ATC GAT CTA TAC ACT CTT TCC CTA CAC GAC GCT CTT CCG ATC TTA GAT CGA TGA,536030571,19204.6,19202,12.0,20.26,389,100.3,202,592300.0,68,
sci-v2-Lig,17246668,19251661,434695158,A02,sciv2-Lig-A02,CAG TGA GTC TGG CAG ATT ACA CTC TTT CCC TAC ACG ACG CTC TTC CGA TCT ATC TGC CAG A,536289870,18583.5,18586,16.93,30.08,559,100.27,300,562800.0,70,
sci-v2-Lig,17246668,19251661,434695159,A03,sciv2-Lig-A03,CAG TGA GAT CGC TAG TGA TAC ACT CTT TCC CTA CAC GAC GCT CTT CCG ATC TTC ACT AGC GAT,536030573,19204.8,19203,12.12,20.74,398,100.19,207,584200.0,70,
sci-v2-Lig,17246668,19251661,434695160,A04,sciv2-Lig-A04,CAG TGA GGG TCC AAG CAT ACA CTC TTT CCC TAC ACG ACG CTC TTC CGA TCT TGC TTG GAC C,536289871,18584.0,18587,16.2,29.17,542,100.24,291,555400.0,71,
sci-v2-Lig,17246668,19251661,434695161,A05,sciv2-Lig-A05,CAG TGA GTA CCT ATC TTG TAC ACT CTT TCC CTA CAC GAC GCT CTT CCG ATC TCA AGA TAG GTA,536030575,19204.3,19202,11.55,19.52,375,100.1,195,591700.0,68,
sci-v2-Lig,17246668,19251661,434695162,A06,sciv2-Lig-A06,CAG TGA GCC TAC TAA TGT ACA CTC TTT CCC TAC ACG ACG CTC TTC CGA TCT CAT TAG TAG G,536030576,18585.8,18585,10.57,18.61,346,100.05,186,568100.0,68,
sci-v2-Lig,17246668,19251661,434695163,A07,sciv2-Lig-A07,CAG TGA GAT AGT CCT CAC TAC ACT CTT TCC CTA CAC GAC GCT CTT CCG ATC TGT GAG GAC TAT,536030577,19205.1,19203,12.61,21.55,414,100.23,215,585000.0,69,
sci-v2-Lig,17246668,19251661,434695164,A08,sciv2-Lig-A08,CAG TGA GGC TCA ACA ATT ACA CTC TTT CCC TAC ACG ACG CTC TTC CGA TCT ATT GTT GAG C,536030578,18586.6,18585,14.23,25.28,470,100.32,252,563000.0,69,
sci-v2-Lig,17246668,19251661,434695165,A09,sciv2-Lig-A09,CAG TGA GCT TCT ACC TCA TAC ACT CTT TCC CTA CAC GAC GCT CTT CCG ATC TTG AGG TAG AAG,536030579,19204.9,19203,12.99,22.27,428,100.32,222,583200.0,69,
sci-v2-Lig,17246668,19251661,434695166,A10,sciv2-Lig-A10,CAG TGA GTT AAT CGC CGT ACA CTC TTT CCC TAC ACG ACG CTC TTC CGA TCT CGG CGA TTA A,536030580,18587.4,18586,10.24,18.17,338,100.39,181,563800.0,70,
sci-v2-Lig,17246668,19251661,434695167,A11,sciv2-Lig-A11,CAG TGA GTG GCG TCT TGC TAC ACT CTT TCC CTA CAC GAC GCT CTT CCG ATC TGC AAG ACG CCA,536030581,19206.9,19205,12.84,22.42,431,100.09,224,572500.0,73,
sci-v2-Lig,17246668,19251661,434695168,A12,sciv2-Lig-A12,CAG TGA GTC TCT CGG AAT ACA CTC TTT CCC TAC ACG ACG CTC TTC CGA TCT TTC CGA GAG A,536030582,18587.8,18586,11.25,19.94,371,100.2,199,564000.0,70,
sci-v2-Lig,17246668,19251661,434695169,B01,sciv2-Lig-B01,CAG TGA GTT TCT CTC GGA TAC ACT CTT TCC CTA CAC GAC GCT CTT CCG ATC TTC CGA GAG AAA,536030583,19205.2,19203,12.25,20.97,403,100.33,209,584100.0,70,
sci-v2-Lig,17246668,19251661,434695170,B02,sciv2-Lig-B02,CAG TGA GGA CAT TGA AAT ACA CTC TTT CCC TAC ACG ACG CTC TTC CGA TCT TTT CAA TGT C,536030584,18585.6,18584,11.58,20.41,379,100.05,204,567400.0,68,
sci-v2-Lig,17246668,19251661,434695171,B03,sciv2-Lig-B03,CAG TGA GTG CGG TAA ATC TAC ACT CTT TCC CTA CAC GAC GCT CTT CCG ATC TGA TTT ACC GCA,536030585,19205.1,19203,11.51,19.75,379,100.25,197,583100.0,70,
sci-v2-Lig,17246668,19251661,434695172,B04,sciv2-Lig-B04,CAG TGA GCG TAT CCC ATT ACA CTC TTT CCC TAC ACG ACG CTC TTC CGA TCT ATG GGA TAC G,536030586,18588.0,18586,12.09,21.4,398,100.47,213,565100.0,70,
sci-v2-Lig,17246668,19251661,434695173,B05,sciv2-Lig-B05,CAG TGA GGA TAT TCC CGA TAC ACT CTT TCC CTA CAC GAC GCT CTT CCG ATC TTC GGG AAT ATC,536030587,19205.4,19203,13.98,23.85,458,100.21,238,585900.0,69,
sci-v2-Lig,17246668,19251661,434695174,B06,sciv2-Lig-B06,CAG TGA GTC TAG ACT GTT ACA CTC TTT CCC TAC ACG ACG CTC TTC CGA TCT ACA GTC TAG A,536030588,18586.8,18585,10.53,18.48,344,100.43,184,569800.0,68,
sci-v2-Lig,17246668,19251661,434695175,B07,sciv2-Lig-B07,CAG TGA GTT CGA ACA CTC TAC ACT CTT TCC CTA CAC GAC GCT CTT CCG ATC TGA GTG TTC GAA,536030589,19205.2,19203,10.58,18.12,348,100.11,181,583500.0,70,
sci-v2-Lig,17246668,19251661,434695176,B08,sciv2-Lig-B08,CAG TGA GGC ACT AGT GAT ACA CTC TTT CCC TAC ACG ACG CTC TTC CGA TCT TCA CTA GTG C,536030590,18587.4,18586,13.53,24.08,448,100.33,240,561800.0,70,
sci-v2-Lig,17246668,19251661,434695177,B09,sciv2-Lig-B09,CAG TGA GGA TAA CAG CTT TAC ACT CTT TCC CTA CAC GAC GCT CTT CCG ATC TAA GCT GTT ATC,536030591,19204.6,19202,11.42,19.5,374,100.52,194,585700.0,68,
sci-v2-Lig,17246668,19251661,434695178,B10,sciv2-Lig-B10,CAG TGA GGG GTT GTG GGT ACA CTC TTT CCC TAC ACG ACG CTC TTC CGA TCT CCC ACA ACC C,536030592,18590.0,18588,10.6,19.13,356,100.16,191,554000.0,72,
sci-v2-Lig,17246668,19251661,434695179,B11,sciv2-Lig-B11,CAG TGA GGA CGA GCG TTA TAC ACT CTT TCC CTA CAC GAC GCT CTT CCG ATC TTA ACG CTC GTC,536030593,19206.5,19204,9.78,16.87,324,100.42,168,579900.0,70,
sci-v2-Lig,17246668,19251661,434695180,B12,sciv2-Lig-B12,CAG TGA GGA TAG AGG GCT ACA CTC TTT CCC TAC ACG ACG CTC TTC CGA TCT GCC CTC TAT C,536030594,18589.0,18587,13.22,23.69,440,100.38,236,558200.0,70,
sci-v2-Lig,17246668,19251661,434695181,C01,sciv2-Lig-C01,CAG TGA GTA TAC CGT CCG TAC ACT CTT TCC CTA CAC GAC GCT CTT CCG ATC TCG GAC GGT ATA,536030595,19206.0,19204,12.26,20.89,401,100.43,208,586700.0,70,
sci-v2-Lig,17246668,19251661,434695182,C02,sciv2-Lig-C02,CAG TGA GCC GTA AGG GAT ACA CTC TTT CCC TAC ACG ACG CTC TTC CGA TCT TCC CTT ACG G,536030596,18588.8,18587,14.88,26.62,495,100.08,266,558900.0,71,
sci-v2-Lig,17246668,19251661,434695183,C03,sciv2-Lig-C03,CAG TGA GCC GTT ACC GGA TAC ACT CTT TCC CTA CAC GAC GCT CTT CCG ATC TTC CGG TAA CGG,536030597,19207.0,19205,13.07,22.64,435,100.18,226,577000.0,72,
sci-v2-Lig,17246668,19251661,434695184,C04,sciv2-Lig-C04,CAG TGA GAC GTA ACA CCT ACA CTC TTT CCC TAC ACG ACG CTC TTC CGA TCT GGT GTT ACG T,536030598,18587.8,18586,11.65,20.7,385,100.49,206,562900.0,70,
sci-v2-Lig,17246668,19251661,434695185,C05,sciv2-Lig-C05,CAG TGA GCG GAG TAC TCT TAC ACT CTT TCC CTA CAC GAC GCT CTT CCG ATC TAG AGT ACT CCG,536030599,19206.2,19204,9.59,16.49,317,100.55,164,581800.0,70,
sci-v2-Lig,17246668,19251661,434695186,C06,sciv2-Lig-C06,CAG TGA GCA CTC ACT CTT ACA CTC TTT CCC TAC ACG ACG CTC TTC CGA TCT AGA GTG AGT G,536030600,18587.5,18586,12.56,22.35,415,100.22,223,562100.0,69,
sci-v2-Lig,17246668,19251661,434695187,C07,sciv2-Lig-C07,CAG TGA GTA TAC ATA GGG TAC ACT CTT TCC CTA CAC GAC GCT CTT CCG ATC TCC CTA TGT ATA,536030601,19204.3,19202,14.7,24.72,475,100.08,247,594500.0,68,
sci-v2-Lig,17246668,19251661,434695188,C08,sciv2-Lig-C08,CAG TGA GCA CGC TGG TTT ACA CTC TTT CCC TAC ACG ACG CTC TTC CGA TCT AAC CAG CGT G,536030602,18588.3,18587,9.82,17.67,328,100.4,176,555700.0,71,
sci-v2-Lig,17246668,19251661,434695189,C09,sciv2-Lig-C09,CAG TGA GCT AAC TGT CTC TAC ACT CTT TCC CTA CAC GAC GCT CTT CCG ATC TGA GAC AGT TAG,536030603,19204.8,19203,12.17,20.89,401,100.43,208,582800.0,69,
sci-v2-Lig,17246668,19251661,434695190,C10,sciv2-Lig-C10,CAG TGA GTG TCT CCA AGT ACA CTC TTT CCC TAC ACG ACG CTC TTC CGA TCT CTT GGA GAC A,536030604,18587.4,18586,13.57,24.09,448,100.38,240,563400.0,70,
sci-v2-Lig,17246668,19251661,434695191,C11,sciv2-Lig-C11,CAG TGA GAC AGT CGA GTC TAC ACT CTT TCC CTA CAC GAC GCT CTT CCG ATC TGA CTC GAC TGT,536030605,19206.6,19204,13.54,23.34,448,100.17,233,580200.0,70,
sci-v2-Lig,17246668,19251661,434695192,C12,sciv2-Lig-C12,CAG TGA GCA GCA TGT AAT ACA CTC TTT CCC TAC ACG ACG CTC TTC CGA TCT TTA CAT GCT G,536030606,18586.6,18585,12.32,21.85,406,100.23,218,563900.0,69,
sci-v2-Lig,17246668,19251661,434695193,D01,sciv2-Lig-D01,CAG TGA GGG TAA CCC TGT TAC ACT CTT TCC CTA CAC GAC GCT CTT CCG ATC TAC AGG GTT ACC,536030607,19206.3,19204,12.2,21.02,404,100.1,210,580500.0,70,
sci-v2-Lig,17246668,19251661,434695194,D02,sciv2-Lig-D02,CAG TGA GAG TCT TAC GTT ACA CTC TTT CCC TAC ACG ACG CTC TTC CGA TCT ACG TAA GAC T,536030608,18586.3,18585,13.41,23.61,439,100.04,236,567900.0,69,
sci-v2-Lig,17246668,19251661,434695195,D03,sciv2-Lig-D03,CAG TGA GAG CTC TGT CGA TAC ACT CTT TCC CTA CAC GAC GCT CTT CCG ATC TTC GAC AGA GCT,536030609,19206.0,19204,14.32,24.74,475,100.16,247,578600.0,71,
sci-v2-Lig,17246668,19251661,434695196,D04,sciv2-Lig-D04,CAG TGA GTT ACA GGT ACT ACA CTC TTT CCC TAC ACG ACG CTC TTC CGA TCT GTA CCT GTA A,536030610,18586.2,18585,12.94,22.74,423,100.18,227,569000.0,69,
sci-v2-Lig,17246668,19251661,434695197,D05,sciv2-Lig-D05,CAG TGA GAA ATT CGA AGC TAC ACT CTT TCC CTA CAC GAC GCT CTT CCG ATC TGC TTC GAA TTT,536030611,19204.5,19202,12.03,20.67,397,100.34,206,582000.0,69,
sci-v2-Lig,17246668,19251661,434695198,D06,sciv2-Lig-D06,CAG TGA GAC TAG CCG ACT ACA CTC TTT CCC TAC ACG ACG CTC TTC CGA TCT GTC GGC TAG T,536030612,18589.1,18587,13.49,24.16,449,100.25,241,558300.0,71,
sci-v2-Lig,17246668,19251661,434695199,D07,sciv2-Lig-D07,CAG TGA GTA CCA GAC CTT TAC ACT CTT TCC CTA CAC GAC GCT CTT CCG ATC TAA GGT CTG GTA,536030613,19205.0,19203,11.65,19.88,382,100.4,198,585900.0,69,
sci-v2-Lig,17246668,19251661,434695200,D08,sciv2-Lig-D08,CAG TGA GCT GAC TTT AGT ACA CTC TTT CCC TAC ACG ACG CTC TTC CGA TCT CTA AAG TCA G,536030614,18586.6,18585,13.86,24.52,456,100.08,245,565300.0,68,
sci-v2-Lig,17246668,19251661,434695201,D09,sciv2-Lig-D09,CAG TGA GTT TCG TCC CAC TAC ACT CTT TCC CTA CAC GAC GCT CTT CCG ATC TGT GGG ACG AAA,536030615,19206.2,19204,13.77,23.77,456,100.3,237,579500.0,71,
sci-v2-Lig,17246668,19251661,434695202,D10,sciv2-Lig-D10,CAG TGA GTA GTC TCG CGT ACA CTC TTT CCC TAC ACG ACG CTC TTC CGA TCT CGC GAG ACT A,536030616,18588.2,18587,10.5,18.69,347,100.48,186,561800.0,71,
sci-v2-Lig,17246668,19251661,434695203,D11,sciv2-Lig-D11,CAG TGA GAC AAA CTT CGA TAC ACT CTT TCC CTA CAC GAC GCT CTT CCG ATC TTC GAA GTT TGT,536030617,19204.3,19202,12.59,21.53,413,100.14,215,585000.0,69,
sci-v2-Lig,17246668,19251661,434695204,D12,sciv2-Lig-D12,CAG TGA GGA TCT TTA AGT ACA CTC TTT CCC TAC ACG ACG CTC TTC CGA TCT CTT AAA GAT C,536030618,18585.8,18584,15.23,26.73,497,100.11,267,569600.0,67,
sci-v2-Lig,17246668,19251661,434695205,E01,sciv2-Lig-E01,CAG TGA GAG ATC TTC CAC TAC ACT CTT TCC CTA CAC GAC GCT CTT CCG ATC TGT GGA AGA TCT,536030619,19205.1,19203,13.9,23.86,458,100.25,238,582600.0,70,
sci-v2-Lig,17246668,19251661,434695206,E02,sciv2-Lig-E02,CAG TGA GCT AGT AGG AGT ACA CTC TTT CCC TAC ACG ACG CTC TTC CGA TCT CTC CTA CTA G,536030620,18587.9,18586,15.0,26.55,493,100.19,265,565100.0,69,
sci-v2-Lig,17246668,19251661,434695207,E03,sciv2-Lig-E03,CAG TGA GTT GGA AGT AGA TAC ACT CTT TCC CTA CAC GAC GCT CTT CCG ATC TTC TAC TTC CAA,536030621,19204.8,19202,14.04,23.87,458,100.29,238,588300.0,69,
sci-v2-Lig,17246668,19251661,434695208,E04,sciv2-Lig-E04,CAG TGA GCG GGT AAT GTT ACA CTC TTT CCC TAC ACG ACG CTC TTC CGA TCT ACA TTA CCC G,536030622,18587.8,18586,11.9,21.12,393,100.09,211,563500.0,70,
sci-v2-Lig,17246668,19251661,434695209,E05,sciv2-Lig-E05,CAG TGA GAC TCC TCA GAG TAC ACT CTT TCC CTA CAC GAC GCT CTT CCG ATC TCT CTG AGG AGT,536030623,19206.1,19204,14.87,25.63,492,100.12,256,580400.0,70,
sci-v2-Lig,17246668,19251661,434695210,E06,sciv2-Lig-E06,CAG TGA GCG ACA GTC CTT ACA CTC TTT CCC TAC ACG ACG CTC TTC CGA TCT AGG ACT GTC G,536030624,18588.6,18587,12.09,21.63,402,100.14,216,559100.0,71,
sci-v2-Lig,17246668,19251661,434695211,E07,sciv2-Lig-E07,CAG TGA GTC GGG ATA TCA TAC ACT CTT TCC CTA CAC GAC GCT CTT CCG ATC TTG ATA TCC CGA,536030625,19204.8,19203,12.48,21.21,407,100.05,212,588300.0,70,
sci-v2-Lig,17246668,19251661,434695212,E08,sciv2-Lig-E08,CAG TGA GCC AGG AGC ATT ACA CTC TTT CCC TAC ACG ACG CTC TTC CGA TCT ATG CTC CTG G,536030626,18588.7,18587,11.36,20.41,379,100.05,204,556500.0,71,
sci-v2-Lig,17246668,19251661,434695213,E09,sciv2-Lig-E09,CAG TGA GCT TGC ATC AAG TAC ACT CTT TCC CTA CAC GAC GCT CTT CCG ATC TCT TGA TGC AAG,536030627,19204.7,19203,13.29,22.94,441,100.17,229,579400.0,70,
sci-v2-Lig,17246668,19251661,434695214,E10,sciv2-Lig-E10,CAG TGA GGG GAG CTA AAT ACA CTC TTT CCC TAC ACG ACG CTC TTC CGA TCT TTT AGC TCC C,536030628,18587.9,18586,12.53,22.38,416,100.36,223,559800.0,70,
sci-v2-Lig,17246668,19251661,434695215,E11,sciv2-Lig-E11,CAG TGA GAT GGT GGA AGC TAC ACT CTT TCC CTA CAC GAC GCT CTT CCG ATC TGC TTC CAC CAT,536030629,19206.5,19204,11.75,20.38,391,100.39,203,576400.0,71,
sci-v2-Lig,17246668,19251661,434695216,E12,sciv2-Lig-E12,CAG TGA GAG ACG GTT GAT ACA CTC TTT CCC TAC ACG ACG CTC TTC CGA TCT TCA ACC GTC T,536030630,18587.7,18586,12.97,23.07,429,100.3,230,562100.0,70,
sci-v2-Lig,17246668,19251661,434695217,F01,sciv2-Lig-F01,CAG TGA GAT CGT TTG GAA TAC ACT CTT TCC CTA CAC GAC GCT CTT CCG ATC TTT CCA AAC GAT,536030631,19204.0,19202,14.08,24.05,462,100.21,240,585400.0,69,
sci-v2-Lig,17246668,19251661,434695218,F02,sciv2-Lig-F02,CAG TGA GCT TGG TGG GCT ACA CTC TTT CCC TAC ACG ACG CTC TTC CGA TCT GCC CAC CAA G,536030632,18589.5,18588,9.72,17.67,328,100.4,176,550100.0,73,
sci-v2-Lig,17246668,19251661,434695219,F03,sciv2-Lig-F03,CAG TGA GCC CAC ATG CAC TAC ACT CTT TCC CTA CAC GAC GCT CTT CCG ATC TGT GCA TGT GGG,536030633,19206.7,19205,12.05,21.04,404,100.19,210,572600.0,72,
sci-v2-Lig,17246668,19251661,434695220,F04,sciv2-Lig-F04,CAG TGA GGA TGT CGG GAT ACA CTC TTT CCC TAC ACG ACG CTC TTC CGA TCT TCC CGA CAT C,536030634,18589.0,18587,11.75,20.98,390,100.38,209,560000.0,71,
sci-v2-Lig,17246668,19251661,434695221,F05,sciv2-Lig-F05,CAG TGA GGT CGC GTA GCT TAC ACT CTT TCC CTA CAC GAC GCT CTT CCG ATC TAG CTA CGC GAC,536030635,19207.4,19205,10.59,18.4,353,100.55,183,575500.0,71,
sci-v2-Lig,17246668,19251661,434695222,F06,sciv2-Lig-F06,CAG TGA GGA ACG CTC TGT ACA CTC TTT CCC TAC ACG ACG CTC TTC CGA TCT CAG AGC GTT C,536030636,18589.4,18587,13.95,25.04,465,100.16,250,557000.0,71,
sci-v2-Lig,17246668,19251661,434695223,F07,sciv2-Lig-F07,CAG TGA GGC CAA TAG AGT TAC ACT CTT TCC CTA CAC GAC GCT CTT CCG ATC TAC TCT ATT GGC,536030637,19205.0,19203,12.84,22.03,423,100.14,220,582900.0,69,
sci-v2-Lig,17246668,19251661,434695224,F08,sciv2-Lig-F08,CAG TGA GGA TTC CGG TGT ACA CTC TTT CCC TAC ACG ACG CTC TTC CGA TCT CAC CGG AAT C,536030638,18589.4,18587,13.28,23.73,441,100.13,237,559400.0,71,
sci-v2-Lig,17246668,19251661,434695225,F09,sciv2-Lig-F09,CAG TGA GTC CTG ACT TGT TAC ACT CTT TCC CTA CAC GAC GCT CTT CCG ATC TAC AAG TCA GGA,536030639,19205.2,19203,12.6,21.55,414,100.23,215,584500.0,70,
sci-v2-Lig,17246668,19251661,434695226,F10,sciv2-Lig-F10,CAG TGA GTT AGG ATG GAT ACA CTC TTT CCC TAC ACG ACG CTC TTC CGA TCT TCC ATC CTA A,536030640,18586.5,18585,14.82,26.07,485,100.27,260,568600.0,69,
sci-v2-Lig,17246668,19251661,434695227,F11,sciv2-Lig-F11,CAG TGA GCA GCC AAC GAG TAC ACT CTT TCC CTA CAC GAC GCT CTT CCG ATC TCT CGT TGG CTG,536030641,19207.1,19205,11.46,19.99,384,100.45,199,573200.0,72,
sci-v2-Lig,17246668,19251661,434695228,F12,sciv2-Lig-F12,CAG TGA GAG CGT GAC GAT ACA CTC TTT CCC TAC ACG ACG CTC TTC CGA TCT TCG TCA CGC T,536030642,18588.8,18587,12.09,21.67,403,100.32,216,558100.0,71,
sci-v2-Lig,17246668,19251661,434695229,G01,sciv2-Lig-G01,CAG TGA GCC TTC CGC GAT TAC ACT CTT TCC CTA CAC GAC GCT CTT CCG ATC TAT CGC GGA AGG,536030643,19206.6,19205,10.82,18.83,362,100.16,188,574600.0,72,
sci-v2-Lig,17246668,19251661,434695230,G02,sciv2-Lig-G02,CAG TGA GAC GGA TTT CTT ACA CTC TTT CCC TAC ACG ACG CTC TTC CGA TCT AGA AAT CCG T,536030644,18586.5,18585,13.21,23.34,434,100.17,233,565900.0,69,
sci-v2-Lig,17246668,19251661,434695231,G03,sciv2-Lig-G03,CAG TGA GGT AGT TAC TTC TAC ACT CTT TCC CTA CAC GAC GCT CTT CCG ATC TGA AGT AAC TAC,536030645,19204.7,19202,14.4,24.49,470,100.37,244,587900.0,68,
sci-v2-Lig,17246668,19251661,434695232,G04,sciv2-Lig-G04,CAG TGA GGT CAA AGC CTT ACA CTC TTT CCC TAC ACG ACG CTC TTC CGA TCT AGG CTT TGA C,536030646,18587.5,18586,13.29,23.78,442,100.34,237,558800.0,70,
sci-v2-Lig,17246668,19251661,434695233,G05,sciv2-Lig-G05,CAG TGA GCC GAC AGA TTG TAC ACT CTT TCC CTA CAC GAC GCT CTT CCG ATC TCA ATC TGT CGG,536030647,19206.0,19204,11.48,19.81,380,100.05,198,579600.0,70,
sci-v2-Lig,17246668,19251661,434695234,G06,sciv2-Lig-G06,CAG TGA GTG GTT AGG ACT ACA CTC TTT CCC TAC ACG ACG CTC TTC CGA TCT GTC CTA ACC A,536030648,18588.0,18586,9.31,16.51,307,100.06,165,563800.0,70,
sci-v2-Lig,17246668,19251661,434695235,G07,sciv2-Lig-G07,CAG TGA GGG ATC ACG TGA TAC ACT CTT TCC CTA CAC GAC GCT CTT CCG ATC TTC ACG TGA TCC,536030649,19206.3,19204,13.35,22.98,441,100.35,229,581100.0,70,
sci-v2-Lig,17246668,19251661,434695236,G08,sciv2-Lig-G08,CAG TGA GAG CGG AGT CCT ACA CTC TTT CCC TAC ACG ACG CTC TTC CGA TCT GGA CTC CGC T,536030650,18590.0,18588,15.05,27.21,506,100.04,272,553100.0,72,
sci-v2-Lig,17246668,19251661,434695237,G09,sciv2-Lig-G09,CAG TGA GAT GTT CTC CTC TAC ACT CTT TCC CTA CAC GAC GCT CTT CCG ATC TGA GGA GAA CAT,536030651,19205.6,19203,16.98,29.14,560,100.14,291,582600.0,70,
sci-v2-Lig,17246668,19251661,434695238,G10,sciv2-Lig-G10,CAG TGA GCT CAC GAC TTT ACA CTC TTT CCC TAC ACG ACG CTC TTC CGA TCT AAG TCG TGA G,536030652,18587.4,18586,12.74,22.68,422,100.35,226,561900.0,70,
sci-v2-Lig,17246668,19251661,434695239,G11,sciv2-Lig-G11,CAG TGA GTG AGG GAC CAA TAC ACT CTT TCC CTA CAC GAC GCT CTT CCG ATC TTT GGT CCC TCA,536030653,19206.1,19204,13.09,22.57,434,100.31,225,580100.0,71,
sci-v2-Lig,17246668,19251661,434695240,G12,sciv2-Lig-G12,CAG TGA GAC CTG GTC ATT ACA CTC TTT CCC TAC ACG ACG CTC TTC CGA TCT ATG ACC AGG T,536030654,18588.0,18586,15.2,27.0,502,100.0,270,563100.0,70,
sci-v2-Lig,17246668,19251661,434695241,H01,sciv2-Lig-H01,CAG TGA GCT CCA TCT ATA TAC ACT CTT TCC CTA CAC GAC GCT CTT CCG ATC TTA TAG ATG GAG,536030655,19203.7,19202,14.18,24.02,461,100.08,240,590400.0,68,
sci-v2-Lig,17246668,19251661,434695242,H02,sciv2-Lig-H02,CAG TGA GAC TAC ATC ACT ACA CTC TTT CCC TAC ACG ACG CTC TTC CGA TCT GTG ATG TAG T,536030656,18586.7,18585,13.85,24.41,454,100.04,244,567500.0,69,
sci-v2-Lig,17246668,19251661,434695243,H03,sciv2-Lig-H03,CAG TGA GTG CGA CTT ATC TAC ACT CTT TCC CTA CAC GAC GCT CTT CCG ATC TGA TAA GTC GCA,536030657,19205.4,19203,11.99,20.52,394,100.1,205,584300.0,70,
sci-v2-Lig,17246668,19251661,434695244,H04,sciv2-Lig-H04,CAG TGA GTT AAG CCA AGT ACA CTC TTT CCC TAC ACG ACG CTC TTC CGA TCT CTT GGC TTA A,536030658,18586.8,18585,11.65,20.64,384,100.19,206,564400.0,69,
sci-v2-Lig,17246668,19251661,434695245,H05,sciv2-Lig-H05,CAG TGA GAG AAG AAA CTG TAC ACT CTT TCC CTA CAC GAC GCT CTT CCG ATC TCA GTT TCT TCT,536030659,19204.2,19202,16.1,27.53,529,100.11,275,584800.0,69,
sci-v2-Lig,17246668,19251661,434695246,H06,sciv2-Lig-H06,CAG TGA GTG TTC CTT GCT ACA CTC TTT CCC TAC ACG ACG CTC TTC CGA TCT GCA AGG AAC A,536030660,18587.9,18586,14.18,25.35,471,100.2,253,559200.0,71,
sci-v2-Lig,17246668,19251661,434695247,H07,sciv2-Lig-H07,CAG TGA GGC ACG ACA CAT TAC ACT CTT TCC CTA CAC GAC GCT CTT CCG ATC TAT GTG TCG TGC,536030661,19206.1,19204,12.96,22.37,430,100.31,223,579300.0,71,
sci-v2-Lig,17246668,19251661,434695248,H08,sciv2-Lig-H08,CAG TGA GAT GAC GTA CGT ACA CTC TTT CCC TAC ACG ACG CTC TTC CGA TCT CGT ACG TCA T,536030662,18588.1,18586,12.22,21.58,401,100.37,215,566300.0,70,
sci-v2-Lig,17246668,19251661,434695249,H09,sciv2-Lig-H09,CAG TGA GCC CGT AGT GCT TAC ACT CTT TCC CTA CAC GAC GCT CTT CCG ATC TAG CAC TAC GGG,536030663,19206.1,19205,10.56,18.35,352,100.27,183,575600.0,71,
sci-v2-Lig,17246668,19251661,434695250,H10,sciv2-Lig-H10,CAG TGA GGA AAT CCT CTT ACA CTC TTT CCC TAC ACG ACG CTC TTC CGA TCT AGA GGA TTT C,536030664,18586.4,18585,8.66,15.32,285,100.13,153,565400.0,68,
sci-v2-Lig,17246668,19251661,434695251,H11,sciv2-Lig-H11,CAG TGA GGG AGC ATC TTC TAC ACT CTT TCC CTA CAC GAC GCT CTT CCG ATC TGA AGA TGC TCC,536030665,19206.2,19204,9.52,16.5,317,100.0,165,576900.0,70,
sci-v2-Lig,17246668,19251661,434695252,H12,sciv2-Lig-H12,CAG TGA GTC AAC TTA GCT ACA CTC TTT CCC TAC ACG ACG CTC TTC CGA TCT GCT AAG TTG A,536030666,18586.6,18585,13.4,23.74,441,100.17,237,564600.0,69,
sci-v2-RT,17246825,19251661,434695060,A01,sciv2-RT-A01,/5Phos/CTC ACT GCA CTC CAA TCH HHH HHH HHH HHT TTT TTT TTT TTT TTT TTT TTT TVN,536110215,0.0,16373,37.45,80.0,1310,100.13,799,468079.143852,63,
sci-v2-RT,17246825,19251661,434695061,A02,sciv2-RT-A02,/5Phos/CTC ACT GTC ACT TTC TCH HHH HHH HHH HHT TTT TTT TTT TTT TTT TTT TTT TVN,536110216,0.0,16370,36.83,79.79,1306,100.11,797,461579.143852,62,
sci-v2-RT,17246825,19251661,434695062,A03,sciv2-RT-A03,/5Phos/CTC ACT GCT TCA ACA TCH HHH HHH HHH HHT TTT TTT TTT TTT TTT TTT TTT TVN,536110217,0.0,16388,37.43,79.82,1308,100.03,798,468979.143852,62,
sci-v2-RT,17246825,19251661,434695063,A04,sciv2-RT-A04,/5Phos/CTC ACT GCC TCA CCA TCH HHH HHH HHH HHT TTT TTT TTT TTT TTT TTT TTT TVN,536110218,0.0,16349,37.03,79.94,1307,100.05,799,463279.143852,63,
sci-v2-RT,17246825,19251661,434695064,A05,sciv2-RT-A05,/5Phos/CTC ACT GAC TCC ATA CCH HHH HHH HHH HHT TTT TTT TTT TTT TTT TTT TTT TVN,536110219,0.0,16373,37.51,79.8,1307,100.0,798,470079.143852,62,
sci-v2-RT,17246825,19251661,434695065,A06,sciv2-RT-A06,/5Phos/CTC ACT GCC ACA CAA TCH HHH HHH HHH HHT TTT TTT TTT TTT TTT TTT TTT TVN,536110220,0.0,16382,37.81,80.05,1311,100.06,800,472379.143852,63,
sci-v2-RT,17246825,19251661,434695066,A07,sciv2-RT-A07,/5Phos/CTC ACT GTA CAC ATC ACH HHH HHH HHH HHT TTT TTT TTT TTT TTT TTT TTT TVN,536110221,0.0,16397,38.21,80.27,1316,100.09,802,476079.143852,62,
sci-v2-RT,17246825,19251661,434695067,A08,sciv2-RT-A08,/5Phos/CTC ACT GAC TTC ACT ACH HHH HHH HHH HHT TTT TTT TTT TTT TTT TTT TTT TVN,536110222,0.0,16388,37.69,80.2,1314,100.12,801,469979.143852,62,
sci-v2-RT,17246825,19251661,434695068,A09,sciv2-RT-A09,/5Phos/CTC ACT GCA CCT CCT ACH HHH HHH HHH HHT TTT TTT TTT TTT TTT TTT TTT TVN,536110223,0.0,16349,37.11,80.17,1311,100.09,801,462879.143852,63,
sci-v2-RT,17246825,19251661,434695069,A10,sciv2-RT-A10,/5Phos/CTC ACT GTC ATC CAC ACH HHH HHH HHH HHT TTT TTT TTT TTT TTT TTT TTT TVN,536110224,0.0,16373,37.57,79.89,1308,100.11,798,470279.143852,62,
sci-v2-RT,17246825,19251661,434695070,A11,sciv2-RT-A11,/5Phos/CTC ACT GCT AAT CCA ACH HHH HHH HHH HHT TTT TTT TTT TTT TTT TTT TTT TVN,536110225,0.0,16397,37.8,79.84,1309,100.05,798,473479.143852,62,
sci-v2-RT,17246825,19251661,434695071,A12,sciv2-RT-A12,/5Phos/CTC ACT GCC ACT CTT ACH HHH HHH HHH HHT TTT TTT TTT TTT TTT TTT TTT TVN,536110226,0.0,16364,37.16,80.12,1311,100.02,801,463779.143852,62,
sci-v2-RT,17246825,19251661,434695072,B01,sciv2-RT-B01,/5Phos/CTC ACT GCA CCT TCA ACH HHH HHH HHH HHT TTT TTT TTT TTT TTT TTT TTT TVN,536110227,0.0,16373,37.4,80.08,1311,100.1,800,467079.143852,63,
sci-v2-RT,17246825,19251661,434695073,B02,sciv2-RT-B02,/5Phos/CTC ACT GCT CTT CAT ACH HHH HHH HHH HHT TTT TTT TTT TTT TTT TTT TTT TVN,536110228,0.0,16379,37.21,79.9,1309,100.0,799,465679.143852,62,
sci-v2-RT,17246825,19251661,434695074,B03,sciv2-RT-B03,/5Phos/CTC ACT GCT CCT CCA TCH HHH HHH HHH HHT TTT TTT TTT TTT TTT TTT TTT TVN,536110229,0.0,16340,36.66,79.87,1305,100.09,798,458979.143852,63,
sci-v2-RT,17246825,19251661,434695075,B04,sciv2-RT-B04,/5Phos/CTC ACT GCC ATC CAT CCH HHH HHH HHH HHT TTT TTT TTT TTT TTT TTT TTT TVN,536110230,0.0,16349,37.0,79.7,1303,100.13,796,464279.143852,63,
sci-v2-RT,17246825,19251661,434695076,B05,sciv2-RT-B05,/5Phos/CTC ACT GAC ACT TTC TCH HHH HHH HHH HHT TTT TTT TTT TTT TTT TTT TTT TVN,536110231,0.0,16379,37.14,79.86,1308,100.08,798,465079.143852,62,
sci-v2-RT,17246825,19251661,434695077,B06,sciv2-RT-B06,/5Phos/CTC ACT GTC CAC TCA ACH HHH HHH HHH HHT TTT TTT TTT TTT TTT TTT TTT TVN,536110232,0.0,16373,37.42,79.8,1307,100.13,797,468879.143852,62,
sci-v2-RT,17246825,19251661,434695078,B07,sciv2-RT-B07,/5Phos/CTC ACT GCT CTC CAC ACH HHH HHH HHH HHT TTT TTT TTT TTT TTT TTT TTT TVN,536110233,0.0,16349,36.93,79.88,1306,100.1,798,462279.143852,63,
sci-v2-RT,17246825,19251661,434695079,B08,sciv2-RT-B08,/5Phos/CTC ACT GAC TCA TCC TCH HHH HHH HHH HHT TTT TTT TTT TTT TTT TTT TTT TVN,536110234,0.0,16364,37.16,79.88,1307,100.1,798,465179.143852,62,
sci-v2-RT,17246825,19251661,434695080,B09,sciv2-RT-B09,/5Phos/CTC ACT GTC TTC ACC ACH HHH HHH HHH HHT TTT TTT TTT TTT TTT TTT TTT TVN,536110235,0.0,16364,37.14,79.88,1307,100.1,798,464979.143852,62,
sci-v2-RT,17246825,19251661,434695081,B10,sciv2-RT-B10,/5Phos/CTC ACT GAT CAC CTT CCH HHH HHH HHH HHT TTT TTT TTT TTT TTT TTT TTT TVN,536110236,0.0,16364,37.15,79.86,1307,100.08,798,465179.143852,62,
sci-v2-RT,17246825,19251661,434695082,B11,sciv2-RT-B11,/5Phos/CTC ACT GTC CTA CAC TCH HHH HHH HHH HHT TTT TTT TTT TTT TTT TTT TTT TVN,536110237,0.0,16364,37.21,79.92,1308,100.03,799,465579.143852,62,
sci-v2-RT,17246825,19251661,434695083,B12,sciv2-RT-B12,/5Phos/CTC ACT GCC TCC ACA ACH HHH HHH HHH HHT TTT TTT TTT TTT TTT TTT TTT TVN,536110238,0.0,16358,37.32,80.06,1310,100.08,800,466179.143852,63,
sci-v2-RT,17246825,19251661,434695084,C01,sciv2-RT-C01,/5Phos/CTC ACT GCA ACT TCC ACH HHH HHH HHH HHT TTT TTT TTT TTT TTT TTT TTT TVN,536110239,0.0,16373,37.46,80.2,1313,100.0,802,467079.143852,63,
sci-v2-RT,17246825,19251661,434695085,C02,sciv2-RT-C02,/5Phos/CTC ACT GAC CAC CAT CCH HHH HHH HHH HHT TTT TTT TTT TTT TTT TTT TTT TVN,536110240,0.0,16358,37.48,79.99,1308,100.11,799,468579.143852,63,
sci-v2-RT,17246825,19251661,434695086,C03,sciv2-RT-C03,/5Phos/CTC ACT GAC ATT CTT CCH HHH HHH HHH HHT TTT TTT TTT TTT TTT TTT TTT TVN,536110241,0.0,16379,37.21,79.83,1307,100.04,798,466079.143852,62,
sci-v2-RT,17246825,19251661,434695087,C04,sciv2-RT-C04,/5Phos/CTC ACT GCC TCT TTC TCH HHH HHH HHH HHT TTT TTT TTT TTT TTT TTT TTT TVN,536110242,0.0,16346,36.4,80.07,1309,100.09,800,454579.143852,62,
sci-v2-RT,17246825,19251661,434695088,C05,sciv2-RT-C05,/5Phos/CTC ACT GAC ATC ATT CCH HHH HHH HHH HHT TTT TTT TTT TTT TTT TTT TTT TVN,536110243,0.0,16388,37.72,80.01,1311,100.01,800,471379.143852,62,
sci-v2-RT,17246825,19251661,434695089,C06,sciv2-RT-C06,/5Phos/CTC ACT GTA CAC AAC TCH HHH HHH HHH HHT TTT TTT TTT TTT TTT TTT TTT TVN,536110244,0.0,16397,38.09,80.24,1316,100.05,802,474679.143852,62,
sci-v2-RT,17246825,19251661,434695090,C07,sciv2-RT-C07,/5Phos/CTC ACT GTC TCA CAC ACH HHH HHH HHH HHT TTT TTT TTT TTT TTT TTT TTT TVN,536110245,0.0,16373,37.59,80.1,1311,100.0,801,469279.143852,62,
sci-v2-RT,17246825,19251661,434695091,C08,sciv2-RT-C08,/5Phos/CTC ACT GCA ATC CAA TCH HHH HHH HHH HHT TTT TTT TTT TTT TTT TTT TTT TVN,536110246,0.0,16397,37.83,79.82,1309,100.03,798,473879.143852,62,
sci-v2-RT,17246825,19251661,434695092,C09,sciv2-RT-C09,/5Phos/CTC ACT GCC TTC CTT ACH HHH HHH HHH HHT TTT TTT TTT TTT TTT TTT TTT TVN,536110247,0.0,16355,36.74,79.96,1308,100.08,799,459479.143852,62,
sci-v2-RT,17246825,19251661,434695093,C10,sciv2-RT-C10,/5Phos/CTC ACT GTC ACT CTC ACH HHH HHH HHH HHT TTT TTT TTT TTT TTT TTT TTT TVN,536110248,0.0,16364,37.19,79.99,1309,100.11,799,464979.143852,62,
sci-v2-RT,17246825,19251661,434695094,C11,sciv2-RT-C11,/5Phos/CTC ACT GAC CAC ACA ACH HHH HHH HHH HHT TTT TTT TTT TTT TTT TTT TTT TVN,536110249,0.0,16391,38.16,80.06,1312,100.08,800,476679.143852,63,
sci-v2-RT,17246825,19251661,434695095,C12,sciv2-RT-C12,/5Phos/CTC ACT GCA CCT TTC ACH HHH HHH HHH HHT TTT TTT TTT TTT TTT TTT TTT TVN,536110250,0.0,16364,37.14,80.19,1312,100.11,801,463179.143852,63,
sci-v2-RT,17246825,19251661,434695096,D01,sciv2-RT-D01,/5Phos/CTC ACT GAC TTA CAT TCH HHH HHH HHH HHT TTT TTT TTT TTT TTT TTT TTT TVN,536110251,0.0,16403,37.67,79.82,1309,100.03,798,471879.143852,61,
sci-v2-RT,17246825,19251661,434695097,D02,sciv2-RT-D02,/5Phos/CTC ACT GTC TCT TCA TCH HHH HHH HHH HHT TTT TTT TTT TTT TTT TTT TTT TVN,536110252,0.0,16370,36.89,79.74,1305,100.05,797,462579.143852,62,
sci-v2-RT,17246825,19251661,434695098,D03,sciv2-RT-D03,/5Phos/CTC ACT GTC ATA CAC ACH HHH HHH HHH HHT TTT TTT TTT TTT TTT TTT TTT TVN,536110253,0.0,16397,38.06,79.93,1311,100.04,799,476079.143852,62,
sci-v2-RT,17246825,19251661,434695099,D04,sciv2-RT-D04,/5Phos/CTC ACT GCC TAC CAC ACH HHH HHH HHH HHT TTT TTT TTT TTT TTT TTT TTT TVN,536110254,0.0,16358,37.5,80.26,1313,100.07,802,467179.143852,63,
sci-v2-RT,17246825,19251661,434695100,D05,sciv2-RT-D05,/5Phos/CTC ACT GCT ATC CAC ACH HHH HHH HHH HHT TTT TTT TTT TTT TTT TTT TTT TVN,536110255,0.0,16373,37.64,80.24,1314,100.05,802,469079.143852,62,
sci-v2-RT,17246825,19251661,434695101,D06,sciv2-RT-D06,/5Phos/CTC ACT GCA ACT TTC TCH HHH HHH HHH HHT TTT TTT TTT TTT TTT TTT TTT TVN,536110256,0.0,16379,37.03,79.86,1308,100.08,798,463679.143852,62,
sci-v2-RT,17246825,19251661,434695102,D07,sciv2-RT-D07,/5Phos/CTC ACT GCC ACA CCT TCH HHH HHH HHH HHT TTT TTT TTT TTT TTT TTT TTT TVN,536110257,0.0,16349,37.05,80.14,1310,100.05,801,462279.143852,63,
sci-v2-RT,17246825,19251661,434695103,D08,sciv2-RT-D08,/5Phos/CTC ACT GCC AAC ATC TCH HHH HHH HHH HHT TTT TTT TTT TTT TTT TTT TTT TVN,536110258,0.0,16373,37.33,79.75,1306,100.06,797,468079.143852,63,
sci-v2-RT,17246825,19251661,434695104,D09,sciv2-RT-D09,/5Phos/CTC ACT GTC TTC AAT ACH HHH HHH HHH HHT TTT TTT TTT TTT TTT TTT TTT TVN,536110259,0.0,16403,37.9,80.25,1316,100.06,802,472279.143852,61,
sci-v2-RT,17246825,19251661,434695105,D10,sciv2-RT-D10,/5Phos/CTC ACT GCA CAT CAT TCH HHH HHH HHH HHT TTT TTT TTT TTT TTT TTT TTT TVN,536110260,0.0,16388,37.51,79.75,1307,100.06,797,470379.143852,62,
sci-v2-RT,17246825,19251661,434695106,D11,sciv2-RT-D11,/5Phos/CTC ACT GCA TTC ACT CCH HHH HHH HHH HHT TTT TTT TTT TTT TTT TTT TTT TVN,536110261,0.0,16364,37.06,79.85,1307,100.06,798,464179.143852,63,
sci-v2-RT,17246825,19251661,434695107,D12,sciv2-RT-D12,/5Phos/CTC ACT GCT CCA CCA TCH HHH HHH HHH HHT TTT TTT TTT TTT TTT TTT TTT TVN,536110262,0.0,16349,37.15,80.19,1311,100.11,801,463279.143852,63,
sci-v2-RT,17246825,19251661,434695108,E01,sciv2-RT-E01,/5Phos/CTC ACT GAC ACC TCC TCH HHH HHH HHH HHT TTT TTT TTT TTT TTT TTT TTT TVN,536110263,0.0,16349,37.18,80.26,1312,100.07,802,463279.143852,63,
sci-v2-RT,17246825,19251661,434695109,E02,sciv2-RT-E02,/5Phos/CTC ACT GTC ATC TTC ACH HHH HHH HHH HHT TTT TTT TTT TTT TTT TTT TTT TVN,536110264,0.0,16379,37.33,79.95,1310,100.06,799,466879.143852,62,
sci-v2-RT,17246825,19251661,434695110,E03,sciv2-RT-E03,/5Phos/CTC ACT GAC TCA CCT ACH HHH HHH HHH HHT TTT TTT TTT TTT TTT TTT TTT TVN,536110265,0.0,16373,37.64,80.24,1314,100.05,802,469079.143852,62,
sci-v2-RT,17246825,19251661,434695111,E04,sciv2-RT-E04,/5Phos/CTC ACT GTC TCC TCT ACH HHH HHH HHH HHT TTT TTT TTT TTT TTT TTT TTT TVN,536110266,0.0,16355,36.92,80.03,1309,100.04,800,461279.143852,62,
sci-v2-RT,17246825,19251661,434695112,E05,sciv2-RT-E05,/5Phos/CTC ACT GAC CTC CTT TCH HHH HHH HHH HHT TTT TTT TTT TTT TTT TTT TTT TVN,536110267,0.0,16355,36.79,79.99,1308,100.11,799,459879.143852,62,
sci-v2-RT,17246825,19251661,434695113,E06,sciv2-RT-E06,/5Phos/CTC ACT GCT TAC TAA TCH HHH HHH HHH HHT TTT TTT TTT TTT TTT TTT TTT TVN,536110268,0.0,16403,37.68,79.99,1312,100.11,799,471079.143852,61,
sci-v2-RT,17246825,19251661,434695114,E07,sciv2-RT-E07,/5Phos/CTC ACT GTC CAA CCT ACH HHH HHH HHH HHT TTT TTT TTT TTT TTT TTT TTT TVN,536110269,0.0,16373,37.48,79.82,1307,100.03,798,469479.143852,62,
sci-v2-RT,17246825,19251661,434695115,E08,sciv2-RT-E08,/5Phos/CTC ACT GCT CTC ACT TCH HHH HHH HHH HHT TTT TTT TTT TTT TTT TTT TTT TVN,536110270,0.0,16355,36.79,80.18,1311,100.1,801,458879.143852,62,
sci-v2-RT,17246825,19251661,434695116,E09,sciv2-RT-E09,/5Phos/CTC ACT GTC CTC CTC TCH HHH HHH HHH HHT TTT TTT TTT TTT TTT TTT TTT TVN,536110271,0.0,16331,36.55,80.25,1311,100.06,802,455479.143852,63,
sci-v2-RT,17246825,19251661,434695117,E10,sciv2-RT-E10,/5Phos/CTC ACT GTC CTC ACC ACH HHH HHH HHH HHT TTT TTT TTT TTT TTT TTT TTT TVN,536110272,0.0,16349,37.23,80.22,1312,100.02,802,464079.143852,63,
sci-v2-RT,17246825,19251661,434695118,E11,sciv2-RT-E11,/5Phos/CTC ACT GAC AAC TCC TCH HHH HHH HHH HHT TTT TTT TTT TTT TTT TTT TTT TVN,536110273,0.0,16373,37.33,79.74,1306,100.05,797,468079.143852,62,
sci-v2-RT,17246825,19251661,434695119,E12,sciv2-RT-E12,/5Phos/CTC ACT GCC TTT CCT TCH HHH HHH HHH HHT TTT TTT TTT TTT TTT TTT TTT TVN,536110274,0.0,16346,36.48,80.26,1312,100.07,802,454579.143852,63,
sci-v2-RT,17246825,19251661,434695120,F01,sciv2-RT-F01,/5Phos/CTC ACT GAC TAC TCT CCH HHH HHH HHH HHT TTT TTT TTT TTT TTT TTT TTT TVN,536110275,0.0,16364,37.16,79.94,1308,100.05,799,464779.143852,62,
sci-v2-RT,17246825,19251661,434695121,F02,sciv2-RT-F02,/5Phos/CTC ACT GTA CTC ACT CCH HHH HHH HHH HHT TTT TTT TTT TTT TTT TTT TTT TVN,536110276,0.0,16364,37.12,79.73,1305,100.04,797,465579.143852,62,
sci-v2-RT,17246825,19251661,434695122,F03,sciv2-RT-F03,/5Phos/CTC ACT GCA ACT CTT CCH HHH HHH HHH HHT TTT TTT TTT TTT TTT TTT TTT TVN,536110277,0.0,16364,36.98,79.91,1308,100.01,799,462779.143852,63,
sci-v2-RT,17246825,19251661,434695123,F04,sciv2-RT-F04,/5Phos/CTC ACT GAC CTC TCA ACH HHH HHH HHH HHT TTT TTT TTT TTT TTT TTT TTT TVN,536110278,0.0,16373,37.45,80.01,1310,100.01,800,468079.143852,62,
sci-v2-RT,17246825,19251661,434695124,F05,sciv2-RT-F05,/5Phos/CTC ACT GCT TCA CCA TCH HHH HHH HHH HHT TTT TTT TTT TTT TTT TTT TTT TVN,536110279,0.0,16364,37.24,80.23,1313,100.04,802,464179.143852,63,
sci-v2-RT,17246825,19251661,434695125,F06,sciv2-RT-F06,/5Phos/CTC ACT GCC ATA TCA TCH HHH HHH HHH HHT TTT TTT TTT TTT TTT TTT TTT TVN,536110280,0.0,16388,37.77,80.03,1311,100.04,800,471979.143852,62,
sci-v2-RT,17246825,19251661,434695126,F07,sciv2-RT-F07,/5Phos/CTC ACT GCA CAC ATC ACH HHH HHH HHH HHT TTT TTT TTT TTT TTT TTT TTT TVN,536110281,0.0,16382,37.82,79.99,1310,100.11,799,472779.143852,63,
sci-v2-RT,17246825,19251661,434695127,F08,sciv2-RT-F08,/5Phos/CTC ACT GCT CAC ACC TCH HHH HHH HHH HHT TTT TTT TTT TTT TTT TTT TTT TVN,536110282,0.0,16349,37.08,80.2,1311,100.0,802,462279.143852,63,
sci-v2-RT,17246825,19251661,434695128,F09,sciv2-RT-F09,/5Phos/CTC ACT GCC ACC TCA TCH HHH HHH HHH HHT TTT TTT TTT TTT TTT TTT TTT TVN,536110283,0.0,16349,36.95,79.77,1304,100.09,797,463279.143852,63,
sci-v2-RT,17246825,19251661,434695129,F10,sciv2-RT-F10,/5Phos/CTC ACT GTC CAA ACT CCH HHH HHH HHH HHT TTT TTT TTT TTT TTT TTT TTT TVN,536110284,0.0,16373,37.43,79.9,1308,100.0,799,468479.143852,63,
sci-v2-RT,17246825,19251661,434695130,F11,sciv2-RT-F11,/5Phos/CTC ACT GAC ACA TCC TCH HHH HHH HHH HHT TTT TTT TTT TTT TTT TTT TTT TVN,536110285,0.0,16373,37.46,79.8,1306,100.13,797,469479.143852,62,
sci-v2-RT,17246825,19251661,434695131,F12,sciv2-RT-F12,/5Phos/CTC ACT GCT CAC CTC ACH HHH HHH HHH HHT TTT TTT TTT TTT TTT TTT TTT TVN,536110286,0.0,16349,37.03,80.1,1309,100.13,800,462279.143852,63,
sci-v2-RT,17246825,19251661,434695132,G01,sciv2-RT-G01,/5Phos/CTC ACT GCA TTC AAA CCH HHH HHH HHH HHT TTT TTT TTT TTT TTT TTT TTT TVN,536110287,0.0,16397,37.89,80.14,1314,100.05,801,472879.143852,62,
sci-v2-RT,17246825,19251661,434695133,G02,sciv2-RT-G02,/5Phos/CTC ACT GCT CTA CTC ACH HHH HHH HHH HHT TTT TTT TTT TTT TTT TTT TTT TVN,536110288,0.0,16364,37.03,79.84,1306,100.05,798,463779.143852,62,
sci-v2-RT,17246825,19251661,434695134,G03,sciv2-RT-G03,/5Phos/CTC ACT GCT TTC CAA TCH HHH HHH HHH HHT TTT TTT TTT TTT TTT TTT TTT TVN,536110289,0.0,16379,37.26,80.19,1313,100.11,801,464679.143852,62,
sci-v2-RT,17246825,19251661,434695135,G04,sciv2-RT-G04,/5Phos/CTC ACT GCC TCC ATT CCH HHH HHH HHH HHT TTT TTT TTT TTT TTT TTT TTT TVN,536110290,0.0,16340,36.61,79.76,1303,100.08,797,458979.143852,63,
sci-v2-RT,17246825,19251661,434695136,G05,sciv2-RT-G05,/5Phos/CTC ACT GAC CAC CAC ACH HHH HHH HHH HHT TTT TTT TTT TTT TTT TTT TTT TVN,536110291,0.0,16367,37.66,79.8,1306,100.0,798,471879.143852,63,
sci-v2-RT,17246825,19251661,434695137,G06,sciv2-RT-G06,/5Phos/CTC ACT GCA TCT AAC TCH HHH HHH HHH HHT TTT TTT TTT TTT TTT TTT TTT TVN,536110292,0.0,16388,37.58,80.03,1312,100.04,800,469579.143852,62,
sci-v2-RT,17246825,19251661,434695138,G07,sciv2-RT-G07,/5Phos/CTC ACT GAC CTA ACC ACH HHH HHH HHH HHT TTT TTT TTT TTT TTT TTT TTT TVN,536110293,0.0,16382,37.85,80.02,1311,100.03,800,472979.143852,62,
sci-v2-RT,17246825,19251661,434695139,G08,sciv2-RT-G08,/5Phos/CTC ACT GTC CTT ACA CCH HHH HHH HHH HHT TTT TTT TTT TTT TTT TTT TTT TVN,536110294,0.0,16364,37.3,80.11,1311,100.01,801,465579.143852,62,
sci-v2-RT,17246825,19251661,434695140,G09,sciv2-RT-G09,/5Phos/CTC ACT GTC TCT TCA CCH HHH HHH HHH HHT TTT TTT TTT TTT TTT TTT TTT TVN,536110295,0.0,16355,36.96,80.22,1312,100.02,802,460679.143852,62,
sci-v2-RT,17246825,19251661,434695141,G10,sciv2-RT-G10,/5Phos/CTC ACT GAC ACC ACT ACH HHH HHH HHH HHT TTT TTT TTT TTT TTT TTT TTT TVN,536110296,0.0,16382,37.92,80.11,1312,100.01,801,473379.143852,62,
sci-v2-RT,17246825,19251661,434695142,G11,sciv2-RT-G11,/5Phos/CTC ACT GCA CTC CAA CCH HHH HHH HHH HHT TTT TTT TTT TTT TTT TTT TTT TVN,536110297,0.0,16358,37.21,79.81,1306,100.01,798,466179.143852,63,
sci-v2-RT,17246825,19251661,434695143,G12,sciv2-RT-G12,/5Phos/CTC ACT GAC CAC CAC ACH HHH HHH HHH HHT TTT TTT TTT TTT TTT TTT TTT TVN,536110298,0.0,16367,37.67,79.82,1306,100.03,798,471879.143852,63,
sci-v2-RT,17246825,19251661,434695144,H01,sciv2-RT-H01,/5Phos/CTC ACT GCC TCC TTA CCH HHH HHH HHH HHT TTT TTT TTT TTT TTT TTT TTT TVN,536110299,0.0,16340,36.75,80.13,1309,100.04,801,458579.143852,63,
sci-v2-RT,17246825,19251661,434695145,H02,sciv2-RT-H02,/5Phos/CTC ACT GTA CAC CTA ACH HHH HHH HHH HHT TTT TTT TTT TTT TTT TTT TTT TVN,536110300,0.0,16397,38.0,79.94,1311,100.05,799,475279.143852,62,
sci-v2-RT,17246825,19251661,434695146,H03,sciv2-RT-H03,/5Phos/CTC ACT GCT TCC TTT CCH HHH HHH HHH HHT TTT TTT TTT TTT TTT TTT TTT TVN,536110301,0.0,16346,36.34,79.93,1307,100.04,799,454579.143852,63,
sci-v2-RT,17246825,19251661,434695147,H04,sciv2-RT-H04,/5Phos/CTC ACT GAT CAC CTC ACH HHH HHH HHH HHT TTT TTT TTT TTT TTT TTT TTT TVN,536110302,0.0,16373,37.45,79.76,1306,100.08,797,469479.143852,62,
sci-v2-RT,17246825,19251661,434695148,H05,sciv2-RT-H05,/5Phos/CTC ACT GTC ACT CCT CCH HHH HHH HHH HHT TTT TTT TTT TTT TTT TTT TTT TVN,536110303,0.0,16340,36.75,79.92,1306,100.03,799,459779.143852,63,
sci-v2-RT,17246825,19251661,434695149,H06,sciv2-RT-H06,/5Phos/CTC ACT GCT CTC CTC TCH HHH HHH HHH HHT TTT TTT TTT TTT TTT TTT TTT TVN,536110304,0.0,16331,36.32,80.05,1307,100.06,800,453679.143852,63,
sci-v2-RT,17246825,19251661,434695150,H07,sciv2-RT-H07,/5Phos/CTC ACT GCA CCT CAA CCH HHH HHH HHH HHT TTT TTT TTT TTT TTT TTT TTT TVN,536110305,0.0,16358,37.26,79.92,1307,100.03,799,466179.143852,63,
sci-v2-RT,17246825,19251661,434695151,H08,sciv2-RT-H08,/5Phos/CTC ACT GCA CCT CAA TCH HHH HHH HHH HHT TTT TTT TTT TTT TTT TTT TTT TVN,536110306,0.0,16373,37.48,80.06,1311,100.08,800,468079.143852,63,
sci-v2-RT,17246825,19251661,434695152,H09,sciv2-RT-H09,/5Phos/CTC ACT GAC CTC ATC TCH HHH HHH HHH HHT TTT TTT TTT TTT TTT TTT TTT TVN,536110307,0.0,16364,37.31,80.21,1313,100.01,802,465179.143852,62,
sci-v2-RT,17246825,19251661,434695153,H10,sciv2-RT-H10,/5Phos/CTC ACT GTC CAC AAC TCH HHH HHH HHH HHT TTT TTT TTT TTT TTT TTT TTT TVN,536110308,0.0,16373,37.61,80.22,1313,100.02,802,468879.143852,62,
sci-v2-RT,17246825,19251661,434695154,H11,sciv2-RT-H11,/5Phos/CTC ACT GAC TTT CTT CCH HHH HHH HHH HHT TTT TTT TTT TTT TTT TTT TTT TVN,536110309,0.0,16370,36.88,80.04,1310,100.05,800,460779.143852,62,
sci-v2-RT,17246825,19251661,434695155,H12,sciv2-RT-H12,/5Phos/CTC ACT GCT CTT CCA ACH HHH HHH HHH HHT TTT TTT TTT TTT TTT TTT TTT TVN,536110310,0.0,16364,36.92,79.78,1305,100.1,797,462779.143852,63,
